<?xml version='1.0' encoding='ISO-8859-1' ?>
<File Type='Page' Version='2.1.0'>
<Control Type='Page' Name='_HOME' Transition='0' TransitionDuration='-1'>
<Position Units='Pixels' X='0' Y='0' />
<Size Units='Pixels' Width='320' Height='460' />
<VisualStyles>
<VisualStyle>
<Background>
<Color  R='1' G='1' B='1' A='1' />
</Background>
<Image Id='1' />
</VisualStyle>
</VisualStyles>
<Control Type='Button' Name='Button'>
<Position Units='Pixels' X='0' Y='1' />
<Size Units='Pixels' Width='158' Height='150' />
<VisualStyles>
<VisualStyle State='0' Mode='0'>
<Face Type='2D'>
<Color  R='0.752941' G='0.752941' B='0.752941' A='0' />
</Face>
<Image Id='2' Alpha='1' />
<Text Id='1' FontId='1' Alignment='CenterCenter' Wrap='True'>
<Color  R='1' G='1' B='1' A='1' />
</Text>
</VisualStyle>
<VisualStyle State='1' Mode='0'>
<Face Type='2D'>
<Color  R='0.109804' G='0' B='0' A='0' />
</Face>
<Image Id='3' Alpha='1' />
<Text Id='1' FontId='1' Alignment='CenterCenter' Wrap='True'>
<Color  R='1' G='1' B='0.776471' A='1' />
</Text>
</VisualStyle>
</VisualStyles>
<Bindings>
<Binding Id='31' Type='Digital' Property='State'/>
</Bindings>
<Commands>
<Command Action='TouchDown' Id='31' Type='Digital' Value='True' />
<Command Action='TouchUp' Id='31' Type='Digital' Value='False' />
<Command Action='TouchDown' PageFlip='_AUDIO ROOM SELECTION' Transition='0' TransitionDuration='-1' />
</Commands>
</Control>
<Control Type='Button' Name='Button'>
<Position Units='Pixels' X='158' Y='1' />
<Size Units='Pixels' Width='158' Height='150' />
<VisualStyles>
<VisualStyle State='0' Mode='0'>
<Face Type='2D'>
<Color  R='0.752941' G='0.752941' B='0.752941' A='0' />
</Face>
<Image Id='2' Alpha='1' />
<Text Id='2' FontId='1' Alignment='CenterCenter' Wrap='True'>
<Color  R='1' G='1' B='1' A='1' />
</Text>
</VisualStyle>
<VisualStyle State='1' Mode='0'>
<Face Type='2D'>
<Color  R='0.109804' G='0' B='0' A='0' />
</Face>
<Image Id='3' Alpha='1' />
<Text Id='2' FontId='1' Alignment='CenterCenter' Wrap='True'>
<Color  R='1' G='1' B='0.776471' A='1' />
</Text>
</VisualStyle>
</VisualStyles>
<Bindings>
<Binding Id='32' Type='Digital' Property='State'/>
</Bindings>
<Commands>
<Command Action='TouchDown' Id='32' Type='Digital' Value='True' />
<Command Action='TouchUp' Id='32' Type='Digital' Value='False' />
<Command Action='TouchDown' PageFlip='_VIDEO' Transition='0' TransitionDuration='-1' />
</Commands>
</Control>
<Control Type='Button' Name='Button'>
<Position Units='Pixels' X='1' Y='153' />
<Size Units='Pixels' Width='158' Height='150' />
<VisualStyles>
<VisualStyle State='0' Mode='0'>
<Face Type='2D'>
<Color  R='0.752941' G='0.752941' B='0.752941' A='0' />
</Face>
<Image Id='2' Alpha='1' />
<Text Id='3' FontId='1' Alignment='CenterCenter' Wrap='True'>
<Color  R='1' G='1' B='1' A='1' />
</Text>
</VisualStyle>
<VisualStyle State='1' Mode='0'>
<Face Type='2D'>
<Color  R='0.109804' G='0' B='0' A='0' />
</Face>
<Image Id='3' Alpha='1' />
<Text Id='3' FontId='1' Alignment='CenterCenter' Wrap='True'>
<Color  R='1' G='1' B='0.776471' A='1' />
</Text>
</VisualStyle>
</VisualStyles>
<Bindings>
<Binding Id='33' Type='Digital' Property='State'/>
</Bindings>
<Commands>
<Command Action='TouchDown' Id='33' Type='Digital' Value='True' />
<Command Action='TouchUp' Id='33' Type='Digital' Value='False' />
<Command Action='TouchDown' PageFlip='_LIGHTS' Transition='0' TransitionDuration='-1' />
</Commands>
</Control>
<Control Type='Button' Name='Button'>
<Position Units='Pixels' X='158' Y='153' />
<Size Units='Pixels' Width='158' Height='150' />
<VisualStyles>
<VisualStyle State='0' Mode='0'>
<Face Type='2D'>
<Color  R='0.752941' G='0.752941' B='0.752941' A='0' />
</Face>
<Image Id='2' Alpha='1' />
<Text Id='4' FontId='1' Alignment='CenterCenter' Wrap='True'>
<Color  R='1' G='1' B='1' A='1' />
</Text>
</VisualStyle>
<VisualStyle State='1' Mode='0'>
<Face Type='2D'>
<Color  R='0.109804' G='0' B='0' A='0' />
</Face>
<Image Id='3' Alpha='1' />
<Text Id='4' FontId='1' Alignment='CenterCenter' Wrap='True'>
<Color  R='1' G='1' B='0.776471' A='1' />
</Text>
</VisualStyle>
</VisualStyles>
<Bindings>
<Binding Id='34' Type='Digital' Property='State'/>
</Bindings>
<Commands>
<Command Action='TouchDown' Id='34' Type='Digital' Value='True' />
<Command Action='TouchUp' Id='34' Type='Digital' Value='False' />
<Command Action='TouchDown' PageFlip='_TEMP ROOM SELECT' Transition='0' TransitionDuration='-1' />
</Commands>
</Control>
<Control Type='Button' Name='Button'>
<Position Units='Pixels' X='158' Y='306' />
<Size Units='Pixels' Width='158' Height='150' />
<VisualStyles>
<VisualStyle State='0' Mode='0'>
<Face Type='2D'>
<Color  R='0.752941' G='0.752941' B='0.752941' A='0' />
</Face>
<Image Id='2' Alpha='1' />
<Text Id='5' FontId='1' Alignment='CenterCenter' Wrap='True'>
<Color  R='1' G='1' B='1' A='1' />
</Text>
</VisualStyle>
<VisualStyle State='1' Mode='0'>
<Face Type='2D'>
<Color  R='0.109804' G='0' B='0' A='0' />
</Face>
<Image Id='3' Alpha='1' />
<Text Id='5' FontId='1' Alignment='CenterCenter' Wrap='True'>
<Color  R='1' G='1' B='0.776471' A='1' />
</Text>
</VisualStyle>
</VisualStyles>
<Bindings>
<Binding Id='30' Type='Digital' Property='State'/>
</Bindings>
<Commands>
<Command Action='TouchDown' Id='30' Type='Digital' Value='True' />
<Command Action='TouchUp' Id='30' Type='Digital' Value='False' />
<Command Action='TouchDown' PageFlip='_POWER' Transition='0' TransitionDuration='-1' />
</Commands>
</Control>
<Control Type='Button' Name='Button'>
<Position Units='Pixels' X='1' Y='306' />
<Size Units='Pixels' Width='158' Height='150' />
<VisualStyles>
<VisualStyle State='0' Mode='0'>
<Face Type='2D'>
<Color  R='0.752941' G='0.752941' B='0.752941' A='0' />
</Face>
<Image Id='2' Alpha='1' />
<Text Id='6' FontId='1' Alignment='CenterCenter' Wrap='True'>
<Color  R='1' G='1' B='1' A='1' />
</Text>
</VisualStyle>
<VisualStyle State='1' Mode='0'>
<Face Type='2D'>
<Color  R='0.109804' G='0' B='0' A='0' />
</Face>
<Image Id='3' Alpha='1' />
<Text Id='6' FontId='1' Alignment='CenterCenter' Wrap='True'>
<Color  R='1' G='1' B='0.776471' A='1' />
</Text>
</VisualStyle>
</VisualStyles>
<Bindings>
<Binding Id='35' Type='Digital' Property='State'/>
</Bindings>
<Commands>
<Command Action='TouchDown' Id='35' Type='Digital' Value='True' />
<Command Action='TouchUp' Id='35' Type='Digital' Value='False' />
<Command Action='TouchDown' PageFlip='_SHADES' Transition='0' TransitionDuration='-1' />
</Commands>
</Control>
</Control>
</File>
