<?xml version='1.0' encoding='ISO-8859-1' ?>
<File Type='Page' Version='2.1.0'>
<Control Type='Subpage' Name='_HVAC CONTROLS {1} SETPOINT'>
<Position Units='Pixels' X='0' Y='0' />
<Size Units='Pixels' Width='318' Height='244' />
<VisualStyles>
<VisualStyle>
<Background>
<Color  R='1' G='0.501961' B='0' A='0' />
</Background>
</VisualStyle>
</VisualStyles>
<Control Type='Button' Name='Button'>
<Position Units='Pixels' X='114' Y='92' />
<Size Units='Pixels' Width='97' Height='61' />
<VisualStyles>
<VisualStyle State='0' Mode='0'>
<Face Type='2D'>
<Color  R='0.752941' G='0.752941' B='0.752941' A='0' />
</Face>
<Image Id='22' Alpha='1' />
<Text FontId='4' Alignment='CenterCenter' Wrap='False'>
<Bindings>
<Binding Id='200' Type='Serial' Property='Text'/>
</Bindings>
<Color  R='1' G='1' B='1' A='1' />
</Text>
</VisualStyle>
<VisualStyle State='1' Mode='0'>
<Face Type='2D'>
<Color  R='0.752941' G='0.752941' B='0.752941' A='0' />
</Face>
<Image Id='22' Alpha='1' />
<Text FontId='4' Alignment='CenterCenter' Wrap='False'>
<Bindings>
<Binding Id='200' Type='Serial' Property='Text'/>
</Bindings>
<Color  R='1' G='1' B='1' A='1' />
</Text>
</VisualStyle>
</VisualStyles>
</Control>
<Control Type='Button' Name='Button'>
<Position Units='Pixels' X='121' Y='4' />
<Size Units='Pixels' Width='78' Height='84' />
<VisualStyles>
<VisualStyle State='0' Mode='0'>
<Face Type='2D'>
<Color  R='0.752941' G='0.752941' B='0.752941' A='0' />
</Face>
<Image Id='23' Alpha='1' />
<Text Id='34' FontId='9' Alignment='CenterCenter' Wrap='False'>
<Color  R='1' G='0.282353' B='0.282353' A='1' />
</Text>
</VisualStyle>
<VisualStyle State='1' Mode='0'>
<Face Type='2D'>
<Color  R='0.109804' G='0' B='0' A='0' />
</Face>
<Image Id='24' Alpha='1' />
<Text Id='34' FontId='9' Alignment='CenterCenter' Wrap='False'>
<Color  R='1' G='1' B='0.776471' A='1' />
</Text>
</VisualStyle>
</VisualStyles>
<Bindings>
<Binding Id='1814' Type='Digital' Property='State'/>
</Bindings>
<Commands>
<Command Action='TouchDown' Id='1814' Type='Digital' Value='True' />
<Command Action='TouchUp' Id='1814' Type='Digital' Value='False' />
</Commands>
</Control>
<Control Type='Button' Name='Button'>
<Position Units='Pixels' X='121' Y='156' />
<Size Units='Pixels' Width='78' Height='84' />
<VisualStyles>
<VisualStyle State='0' Mode='0'>
<Face Type='2D'>
<Color  R='0.752941' G='0.752941' B='0.752941' A='0' />
</Face>
<Image Id='23' Alpha='1' />
<Text Id='35' FontId='9' Alignment='CenterCenter' Wrap='False'>
<Color  R='0.27451' G='0.27451' B='1' A='1' />
</Text>
</VisualStyle>
<VisualStyle State='1' Mode='0'>
<Face Type='2D'>
<Color  R='0.109804' G='0' B='0' A='0' />
</Face>
<Image Id='24' Alpha='1' />
<Text Id='35' FontId='9' Alignment='CenterCenter' Wrap='False'>
<Color  R='1' G='1' B='0.776471' A='1' />
</Text>
</VisualStyle>
</VisualStyles>
<Bindings>
<Binding Id='1815' Type='Digital' Property='State'/>
</Bindings>
<Commands>
<Command Action='TouchDown' Id='1815' Type='Digital' Value='True' />
<Command Action='TouchUp' Id='1815' Type='Digital' Value='False' />
</Commands>
</Control>
<Control Type='Button' Name='Text'>
<Position Units='Pixels' X='172' Y='92' />
<Size Units='Pixels' Width='41' Height='57' />
<VisualStyles>
<VisualStyle State='0' Mode='0'>
<Text Id='19' FontId='3' Alignment='CenterCenter' Wrap='False'>
<Color  R='1' G='1' B='1' A='1' />
</Text>
</VisualStyle>
</VisualStyles>
</Control>
</Control>
</File>
