<?xml version='1.0' encoding='ISO-8859-1' ?>
<File Type='Page' Version='2.1.0'>
<Control Type='Page' Name='_POWER' Transition='0' TransitionDuration='-1'>
<Position Units='Pixels' X='0' Y='0' />
<Size Units='Pixels' Width='320' Height='460' />
<VisualStyles>
<VisualStyle>
<Background>
<Color  R='1' G='1' B='1' A='1' />
</Background>
<Image Id='1' />
</VisualStyle>
</VisualStyles>
<Control Type='Button' Name='Button'>
<Position Units='Pixels' X='29' Y='166' />
<Size Units='Pixels' Width='128' Height='136' />
<VisualStyles>
<VisualStyle State='0' Mode='0'>
<Face Type='2D'>
<Color  R='0.752941' G='0.752941' B='0.752941' A='0' />
</Face>
<Image Id='19' Alpha='1' />
<Text Id='30' FontId='4' Alignment='CenterCenter' Wrap='False'>
<Color  R='1' G='1' B='1' A='1' />
</Text>
</VisualStyle>
<VisualStyle State='1' Mode='0'>
<Face Type='2D'>
<Color  R='0.752941' G='0.752941' B='0.752941' A='0' />
</Face>
<Image Id='20' Alpha='1' />
<Text Id='30' FontId='4' Alignment='CenterCenter' Wrap='False'>
<Color  R='1' G='1' B='0.776471' A='1' />
</Text>
</VisualStyle>
</VisualStyles>
<Bindings>
<Binding Id='60' Type='Digital' Property='State'/>
</Bindings>
<Commands>
<Command Action='TouchDown' Id='60' Type='Digital' Value='True' />
<Command Action='TouchUp' Id='60' Type='Digital' Value='False' />
<Command Action='TouchDown' PageFlip='_HOME' Transition='0' TransitionDuration='-1' />
</Commands>
</Control>
<Control Type='Button' Name='Text'>
<Position Units='Pixels' X='18' Y='41' />
<Size Units='Pixels' Width='284' Height='54' />
<VisualStyles>
<VisualStyle State='0' Mode='0'>
<Text Id='31' FontId='8' Alignment='CenterCenter' Wrap='True'>
<Color  R='1' G='1' B='1' A='1' />
</Text>
</VisualStyle>
</VisualStyles>
</Control>
<Control Type='Button' Name='Button'>
<Position Units='Pixels' X='162' Y='166' />
<Size Units='Pixels' Width='128' Height='136' />
<VisualStyles>
<VisualStyle State='0' Mode='0'>
<Face Type='2D'>
<Color  R='0.752941' G='0.752941' B='0.752941' A='0' />
</Face>
<Image Id='19' Alpha='1' />
<Text Id='32' FontId='4' Alignment='CenterCenter' Wrap='False'>
<Color  R='1' G='1' B='1' A='1' />
</Text>
</VisualStyle>
<VisualStyle State='1' Mode='0'>
<Face Type='2D'>
<Color  R='0.752941' G='0.752941' B='0.752941' A='0' />
</Face>
<Image Id='20' Alpha='1' />
<Text Id='32' FontId='4' Alignment='CenterCenter' Wrap='False'>
<Color  R='1' G='1' B='0.776471' A='1' />
</Text>
</VisualStyle>
</VisualStyles>
<Commands>
<Command Action='TouchDown' PageFlip='Return' Transition='0' TransitionDuration='-1' />
</Commands>
</Control>
<Control Type='Button' Name='Text'>
<Position Units='Pixels' X='18' Y='81' />
<Size Units='Pixels' Width='284' Height='54' />
<VisualStyles>
<VisualStyle State='0' Mode='0'>
<Text FontId='8' Alignment='CenterCenter' Wrap='True'>
<Bindings>
<Binding Id='10' Type='Serial' Property='Text'/>
</Bindings>
<Color  R='1' G='1' B='1' A='1' />
</Text>
</VisualStyle>
</VisualStyles>
</Control>
<Control Type='Button' Name='Button'>
<Position Units='Pixels' X='108' Y='415' />
<Size Units='Pixels' Width='104' Height='44' />
<VisualStyles>
<VisualStyle State='0' Mode='0'>
<Face Type='2D'>
<Color  R='0.109804' G='0' B='0' A='0' />
</Face>
<Image Id='4' Alpha='1' />
<Text Id='1' FontId='2' Alignment='CenterCenter' Wrap='True'>
<Color  R='1' G='1' B='1' A='1' />
</Text>
</VisualStyle>
<VisualStyle State='1' Mode='0'>
<Face Type='2D'>
<Color  R='0.109804' G='0' B='0' A='0' />
</Face>
<Image Id='5' Alpha='1' />
<Text Id='1' FontId='2' Alignment='CenterCenter' Wrap='True'>
<Color  R='1' G='1' B='0' A='1' />
</Text>
</VisualStyle>
</VisualStyles>
<Bindings>
<Binding Id='31' Type='Digital' Property='State'/>
</Bindings>
<Commands>
<Command Action='TouchDown' Id='31' Type='Digital' Value='True' />
<Command Action='TouchUp' Id='31' Type='Digital' Value='False' />
<Command Action='TouchDown' PageFlip='_AUDIO ROOM SELECTION' Transition='0' TransitionDuration='-1' />
</Commands>
</Control>
<Control Type='Button' Name='Button'>
<Position Units='Pixels' X='0' Y='415' />
<Size Units='Pixels' Width='104' Height='44' />
<VisualStyles>
<VisualStyle State='0' Mode='0'>
<Face Type='2D'>
<Color  R='0.109804' G='0' B='0' A='0' />
</Face>
<Image Id='4' Alpha='1' />
<Text Id='7' FontId='2' Alignment='CenterCenter' Wrap='True'>
<Color  R='1' G='1' B='1' A='1' />
</Text>
</VisualStyle>
<VisualStyle State='1' Mode='0'>
<Face Type='2D'>
<Color  R='0.109804' G='0' B='0' A='0' />
</Face>
<Image Id='5' Alpha='1' />
<Text Id='7' FontId='2' Alignment='CenterCenter' Wrap='True'>
<Color  R='1' G='1' B='0' A='1' />
</Text>
</VisualStyle>
</VisualStyles>
<Commands>
<Command Action='TouchDown' PageFlip='Return' Transition='0' TransitionDuration='-1' />
</Commands>
</Control>
<Control Type='Button' Name='Button'>
<Position Units='Pixels' X='214' Y='415' />
<Size Units='Pixels' Width='104' Height='44' />
<VisualStyles>
<VisualStyle State='0' Mode='0'>
<Face Type='2D'>
<Color  R='0.109804' G='0' B='0' A='0' />
</Face>
<Image Id='4' Alpha='1' />
<Text Id='2' FontId='2' Alignment='CenterCenter' Wrap='True'>
<Color  R='1' G='1' B='1' A='1' />
</Text>
</VisualStyle>
<VisualStyle State='1' Mode='0'>
<Face Type='2D'>
<Color  R='0.109804' G='0' B='0' A='0' />
</Face>
<Image Id='5' Alpha='1' />
<Text Id='2' FontId='2' Alignment='CenterCenter' Wrap='True'>
<Color  R='1' G='1' B='0' A='1' />
</Text>
</VisualStyle>
</VisualStyles>
<Bindings>
<Binding Id='32' Type='Digital' Property='State'/>
</Bindings>
<Commands>
<Command Action='TouchDown' Id='32' Type='Digital' Value='True' />
<Command Action='TouchUp' Id='32' Type='Digital' Value='False' />
<Command Action='TouchDown' PageFlip='_VIDEO' Transition='0' TransitionDuration='-1' />
</Commands>
</Control>
<Control Type='Button' Name='Button'>
<Position Units='Pixels' X='37' Y='351' />
<Size Units='Pixels' Width='78' Height='60' />
<VisualStyles>
<VisualStyle State='0' Mode='0'>
<Face Type='2D'>
<Color  R='0.752941' G='0.752941' B='0.752941' A='0' />
</Face>
<Image Id='8' Alpha='1' />
<Text Id='10' FontId='1' Alignment='CenterCenter' Wrap='False'>
<Color  R='1' G='1' B='1' A='1' />
</Text>
</VisualStyle>
<VisualStyle State='1' Mode='0'>
<Face Type='2D'>
<Color  R='0.109804' G='0' B='0' A='0' />
</Face>
<Image Id='9' Alpha='1' />
<Text Id='10' FontId='1' Alignment='CenterCenter' Wrap='False'>
<Color  R='1' G='1' B='0.776471' A='1' />
</Text>
</VisualStyle>
</VisualStyles>
<Bindings>
<Binding Id='8' Type='Digital' Property='State'/>
</Bindings>
<Commands>
<Command Action='TouchDown' Id='8' Type='Digital' Value='True' />
<Command Action='TouchUp' Id='8' Type='Digital' Value='False' />
</Commands>
</Control>
<Control Type='Button' Name='Button'>
<Position Units='Pixels' X='206' Y='351' />
<Size Units='Pixels' Width='78' Height='60' />
<VisualStyles>
<VisualStyle State='0' Mode='0'>
<Face Type='2D'>
<Color  R='0.752941' G='0.752941' B='0.752941' A='0' />
</Face>
<Image Id='8' Alpha='1' />
<Text Id='11' FontId='1' Alignment='CenterCenter' Wrap='False'>
<Color  R='1' G='1' B='1' A='1' />
</Text>
</VisualStyle>
<VisualStyle State='1' Mode='0'>
<Face Type='2D'>
<Color  R='0.109804' G='0' B='0' A='0' />
</Face>
<Image Id='9' Alpha='1' />
<Text Id='11' FontId='1' Alignment='CenterCenter' Wrap='False'>
<Color  R='1' G='1' B='0.776471' A='1' />
</Text>
</VisualStyle>
</VisualStyles>
<Bindings>
<Binding Id='7' Type='Digital' Property='State'/>
</Bindings>
<Commands>
<Command Action='TouchDown' Id='7' Type='Digital' Value='True' />
<Command Action='TouchUp' Id='7' Type='Digital' Value='False' />
</Commands>
</Control>
<Control Type='Button' Name='Button'>
<Position Units='Pixels' X='122' Y='351' />
<Size Units='Pixels' Width='78' Height='60' />
<VisualStyles>
<VisualStyle State='0' Mode='0'>
<Face Type='2D'>
<Color  R='0.752941' G='0.752941' B='0.752941' A='0' />
</Face>
<Image Id='8' Alpha='1' />
<Text Id='12' FontId='1' Alignment='CenterCenter' Wrap='False'>
<Color  R='1' G='1' B='1' A='1' />
</Text>
</VisualStyle>
<VisualStyle State='1' Mode='0'>
<Face Type='2D'>
<Color  R='0.109804' G='0' B='0' A='0' />
</Face>
<Image Id='9' Alpha='1' />
<Text Id='12' FontId='1' Alignment='CenterCenter' Wrap='False'>
<Color  R='1' G='1' B='0.776471' A='1' />
</Text>
</VisualStyle>
</VisualStyles>
<Bindings>
<Binding Id='9' Type='Digital' Property='State'/>
</Bindings>
<Commands>
<Command Action='TouchDown' Id='9' Type='Digital' Value='True' />
<Command Action='TouchUp' Id='9' Type='Digital' Value='False' />
</Commands>
</Control>
</Control>
</File>
