<?xml version='1.0' encoding='ISO-8859-1' ?>
<File Type='Page' Version='2.1.0'>
<Control Type='Page' Name='_SHADES' Transition='0' TransitionDuration='-1'>
<Position Units='Pixels' X='0' Y='0' />
<Size Units='Pixels' Width='320' Height='460' />
<VisualStyles>
<VisualStyle>
<Background>
<Color  R='1' G='1' B='1' A='1' />
</Background>
<Image Id='1' />
</VisualStyle>
</VisualStyles>
<Control Type='Button' Name='Text'>
<Position Units='Pixels' X='6' Y='0' />
<Size Units='Pixels' Width='151' Height='54' />
<VisualStyles>
<VisualStyle State='0' Mode='0'>
<Text Id='6' FontId='3' Alignment='CenterCenter' Wrap='True'>
<Color  R='1' G='1' B='1' A='1' />
</Text>
</VisualStyle>
</VisualStyles>
</Control>
<Control Type='Button' Name='Button'>
<Position Units='Pixels' X='0' Y='415' />
<Size Units='Pixels' Width='104' Height='44' />
<VisualStyles>
<VisualStyle State='0' Mode='0'>
<Face Type='2D'>
<Color  R='0.109804' G='0' B='0' A='0' />
</Face>
<Image Id='4' Alpha='1' />
<Text Id='7' FontId='2' Alignment='CenterCenter' Wrap='True'>
<Color  R='1' G='1' B='1' A='1' />
</Text>
</VisualStyle>
<VisualStyle State='1' Mode='0'>
<Face Type='2D'>
<Color  R='0.109804' G='0' B='0' A='0' />
</Face>
<Image Id='5' Alpha='1' />
<Text Id='7' FontId='2' Alignment='CenterCenter' Wrap='True'>
<Color  R='1' G='1' B='0' A='1' />
</Text>
</VisualStyle>
</VisualStyles>
<Commands>
<Command Action='TouchDown' PageFlip='_HOME' Transition='0' TransitionDuration='-1' />
</Commands>
</Control>
<Control Type='Button' Name='Button'>
<Position Units='Pixels' X='1' Y='51' />
<Size Units='Pixels' Width='78' Height='80' />
<VisualStyles>
<VisualStyle State='0' Mode='0'>
<Face Type='2D'>
<Color  R='0.752941' G='0.752941' B='0.752941' A='0' />
</Face>
<Image Id='15' Alpha='1' />
<Text Id='21' FontId='7' Alignment='CenterCenter' Wrap='False'>
<Color  R='1' G='1' B='1' A='1' />
</Text>
</VisualStyle>
<VisualStyle State='1' Mode='0'>
<Face Type='2D'>
<Color  R='0.109804' G='0' B='0' A='0' />
</Face>
<Image Id='16' Alpha='1' />
<Text Id='21' FontId='7' Alignment='CenterCenter' Wrap='False'>
<Color  R='1' G='1' B='0.776471' A='1' />
</Text>
</VisualStyle>
</VisualStyles>
<Bindings>
<Binding Id='1001' Type='Digital' Property='State'/>
</Bindings>
<Commands>
<Command Action='TouchDown' Id='1001' Type='Digital' Value='True' />
<Command Action='TouchUp' Id='1001' Type='Digital' Value='False' />
</Commands>
</Control>
<Control Type='Button' Name='Button'>
<Position Units='Pixels' X='81' Y='51' />
<Size Units='Pixels' Width='78' Height='80' />
<VisualStyles>
<VisualStyle State='0' Mode='0'>
<Face Type='2D'>
<Color  R='0.752941' G='0.752941' B='0.752941' A='0' />
</Face>
<Image Id='15' Alpha='1' />
<Text Id='22' FontId='7' Alignment='CenterCenter' Wrap='False'>
<Color  R='1' G='1' B='1' A='1' />
</Text>
</VisualStyle>
<VisualStyle State='1' Mode='0'>
<Face Type='2D'>
<Color  R='0.109804' G='0' B='0' A='0' />
</Face>
<Image Id='16' Alpha='1' />
<Text Id='22' FontId='7' Alignment='CenterCenter' Wrap='False'>
<Color  R='1' G='1' B='0.776471' A='1' />
</Text>
</VisualStyle>
</VisualStyles>
<Bindings>
<Binding Id='1002' Type='Digital' Property='State'/>
</Bindings>
<Commands>
<Command Action='TouchDown' Id='1002' Type='Digital' Value='True' />
<Command Action='TouchUp' Id='1002' Type='Digital' Value='False' />
</Commands>
</Control>
<Control Type='Button' Name='Button'>
<Position Units='Pixels' X='161' Y='51' />
<Size Units='Pixels' Width='78' Height='80' />
<VisualStyles>
<VisualStyle State='0' Mode='0'>
<Face Type='2D'>
<Color  R='0.752941' G='0.752941' B='0.752941' A='0' />
</Face>
<Image Id='15' Alpha='1' />
<Text Id='21' FontId='7' Alignment='CenterCenter' Wrap='False'>
<Color  R='1' G='1' B='1' A='1' />
</Text>
</VisualStyle>
<VisualStyle State='1' Mode='0'>
<Face Type='2D'>
<Color  R='0.109804' G='0' B='0' A='0' />
</Face>
<Image Id='16' Alpha='1' />
<Text Id='21' FontId='7' Alignment='CenterCenter' Wrap='False'>
<Color  R='1' G='1' B='0.776471' A='1' />
</Text>
</VisualStyle>
</VisualStyles>
<Bindings>
<Binding Id='1005' Type='Digital' Property='State'/>
</Bindings>
<Commands>
<Command Action='TouchDown' Id='1005' Type='Digital' Value='True' />
<Command Action='TouchUp' Id='1005' Type='Digital' Value='False' />
</Commands>
</Control>
<Control Type='Button' Name='Button'>
<Position Units='Pixels' X='241' Y='51' />
<Size Units='Pixels' Width='78' Height='80' />
<VisualStyles>
<VisualStyle State='0' Mode='0'>
<Face Type='2D'>
<Color  R='0.752941' G='0.752941' B='0.752941' A='0' />
</Face>
<Image Id='15' Alpha='1' />
<Text Id='22' FontId='7' Alignment='CenterCenter' Wrap='False'>
<Color  R='1' G='1' B='1' A='1' />
</Text>
</VisualStyle>
<VisualStyle State='1' Mode='0'>
<Face Type='2D'>
<Color  R='0.109804' G='0' B='0' A='0' />
</Face>
<Image Id='16' Alpha='1' />
<Text Id='22' FontId='7' Alignment='CenterCenter' Wrap='False'>
<Color  R='1' G='1' B='0.776471' A='1' />
</Text>
</VisualStyle>
</VisualStyles>
<Bindings>
<Binding Id='1006' Type='Digital' Property='State'/>
</Bindings>
<Commands>
<Command Action='TouchDown' Id='1006' Type='Digital' Value='True' />
<Command Action='TouchUp' Id='1006' Type='Digital' Value='False' />
</Commands>
</Control>
<Control Type='Button' Name='Button'>
<Position Units='Pixels' X='161' Y='131' />
<Size Units='Pixels' Width='78' Height='80' />
<VisualStyles>
<VisualStyle State='0' Mode='0'>
<Face Type='2D'>
<Color  R='0.752941' G='0.752941' B='0.752941' A='0' />
</Face>
<Image Id='15' Alpha='1' />
<Text Id='23' FontId='7' Alignment='CenterCenter' Wrap='False'>
<Color  R='1' G='1' B='1' A='1' />
</Text>
</VisualStyle>
<VisualStyle State='1' Mode='0'>
<Face Type='2D'>
<Color  R='0.109804' G='0' B='0' A='0' />
</Face>
<Image Id='16' Alpha='1' />
<Text Id='23' FontId='7' Alignment='CenterCenter' Wrap='False'>
<Color  R='1' G='1' B='0.776471' A='1' />
</Text>
</VisualStyle>
</VisualStyles>
<Bindings>
<Binding Id='507' Type='Digital' Property='State'/>
</Bindings>
<Commands>
<Command Action='TouchDown' Id='507' Type='Digital' Value='True' />
<Command Action='TouchUp' Id='507' Type='Digital' Value='False' />
</Commands>
</Control>
<Control Type='Button' Name='Button'>
<Position Units='Pixels' X='241' Y='131' />
<Size Units='Pixels' Width='78' Height='80' />
<VisualStyles>
<VisualStyle State='0' Mode='0'>
<Face Type='2D'>
<Color  R='0.752941' G='0.752941' B='0.752941' A='0' />
</Face>
<Image Id='15' Alpha='1' />
<Text Id='24' FontId='7' Alignment='CenterCenter' Wrap='False'>
<Color  R='1' G='1' B='1' A='1' />
</Text>
</VisualStyle>
<VisualStyle State='1' Mode='0'>
<Face Type='2D'>
<Color  R='0.109804' G='0' B='0' A='0' />
</Face>
<Image Id='16' Alpha='1' />
<Text Id='24' FontId='7' Alignment='CenterCenter' Wrap='False'>
<Color  R='1' G='1' B='0.776471' A='1' />
</Text>
</VisualStyle>
</VisualStyles>
<Bindings>
<Binding Id='508' Type='Digital' Property='State'/>
</Bindings>
<Commands>
<Command Action='TouchDown' Id='508' Type='Digital' Value='True' />
<Command Action='TouchUp' Id='508' Type='Digital' Value='False' />
</Commands>
</Control>
<Control Type='Button' Name='Button'>
<Position Units='Pixels' X='1' Y='131' />
<Size Units='Pixels' Width='78' Height='80' />
<VisualStyles>
<VisualStyle State='0' Mode='0'>
<Face Type='2D'>
<Color  R='0.752941' G='0.752941' B='0.752941' A='0' />
</Face>
<Image Id='15' Alpha='1' />
<Text Id='23' FontId='7' Alignment='CenterCenter' Wrap='False'>
<Color  R='1' G='1' B='1' A='1' />
</Text>
</VisualStyle>
<VisualStyle State='1' Mode='0'>
<Face Type='2D'>
<Color  R='0.109804' G='0' B='0' A='0' />
</Face>
<Image Id='16' Alpha='1' />
<Text Id='23' FontId='7' Alignment='CenterCenter' Wrap='False'>
<Color  R='1' G='1' B='0.776471' A='1' />
</Text>
</VisualStyle>
</VisualStyles>
<Bindings>
<Binding Id='1003' Type='Digital' Property='State'/>
</Bindings>
<Commands>
<Command Action='TouchDown' Id='1003' Type='Digital' Value='True' />
<Command Action='TouchUp' Id='1003' Type='Digital' Value='False' />
</Commands>
</Control>
<Control Type='Button' Name='Button'>
<Position Units='Pixels' X='81' Y='131' />
<Size Units='Pixels' Width='78' Height='80' />
<VisualStyles>
<VisualStyle State='0' Mode='0'>
<Face Type='2D'>
<Color  R='0.752941' G='0.752941' B='0.752941' A='0' />
</Face>
<Image Id='15' Alpha='1' />
<Text Id='24' FontId='7' Alignment='CenterCenter' Wrap='False'>
<Color  R='1' G='1' B='1' A='1' />
</Text>
</VisualStyle>
<VisualStyle State='1' Mode='0'>
<Face Type='2D'>
<Color  R='0.109804' G='0' B='0' A='0' />
</Face>
<Image Id='16' Alpha='1' />
<Text Id='24' FontId='7' Alignment='CenterCenter' Wrap='False'>
<Color  R='1' G='1' B='0.776471' A='1' />
</Text>
</VisualStyle>
</VisualStyles>
<Bindings>
<Binding Id='1004' Type='Digital' Property='State'/>
</Bindings>
<Commands>
<Command Action='TouchDown' Id='1004' Type='Digital' Value='True' />
<Command Action='TouchUp' Id='1004' Type='Digital' Value='False' />
</Commands>
</Control>
<Control Type='Button' Name='Text'>
<Position Units='Pixels' X='163' Y='0' />
<Size Units='Pixels' Width='151' Height='54' />
<VisualStyles>
<VisualStyle State='0' Mode='0'>
<Text Id='25' FontId='3' Alignment='CenterCenter' Wrap='True'>
<Color  R='1' G='1' B='1' A='1' />
</Text>
</VisualStyle>
</VisualStyles>
</Control>
<Control Type='Button' Name='Button'>
<Position Units='Pixels' X='2' Y='302' />
<Size Units='Pixels' Width='104' Height='93' />
<VisualStyles>
<VisualStyle State='0' Mode='0'>
<Face Type='2D'>
<Color  R='0.752941' G='0.752941' B='0.752941' A='0' />
</Face>
<Image Id='2' Alpha='1' />
<Text Id='26' FontId='1' Alignment='CenterCenter' Wrap='True'>
<Color  R='1' G='1' B='1' A='1' />
</Text>
</VisualStyle>
<VisualStyle State='1' Mode='0'>
<Face Type='2D'>
<Color  R='0.109804' G='0' B='0' A='0' />
</Face>
<Image Id='3' Alpha='1' />
<Text Id='26' FontId='1' Alignment='CenterCenter' Wrap='True'>
<Color  R='1' G='1' B='0.776471' A='1' />
</Text>
</VisualStyle>
</VisualStyles>
<Bindings>
<Binding Id='1015' Type='Digital' Property='State'/>
</Bindings>
<Commands>
<Command Action='TouchDown' Id='1015' Type='Digital' Value='True' />
<Command Action='TouchUp' Id='1015' Type='Digital' Value='False' />
</Commands>
</Control>
<Control Type='Button' Name='Button'>
<Position Units='Pixels' X='161' Y='214' />
<Size Units='Pixels' Width='158' Height='84' />
<VisualStyles>
<VisualStyle State='0' Mode='0'>
<Face Type='2D'>
<Color  R='0.752941' G='0.752941' B='0.752941' A='0' />
</Face>
<Image Id='17' Alpha='1' />
<Text Id='27' FontId='1' Alignment='CenterCenter' Wrap='True'>
<Color  R='1' G='1' B='1' A='1' />
</Text>
</VisualStyle>
<VisualStyle State='1' Mode='0'>
<Face Type='2D'>
<Color  R='0.109804' G='0' B='0' A='0' />
</Face>
<Image Id='18' Alpha='1' />
<Text Id='27' FontId='1' Alignment='CenterCenter' Wrap='True'>
<Color  R='1' G='1' B='0.776471' A='1' />
</Text>
</VisualStyle>
</VisualStyles>
<Bindings>
<Binding Id='1010' Type='Digital' Property='State'/>
</Bindings>
<Commands>
<Command Action='TouchDown' Id='1010' Type='Digital' Value='True' />
<Command Action='TouchUp' Id='1010' Type='Digital' Value='False' />
</Commands>
</Control>
<Control Type='Button' Name='Button'>
<Position Units='Pixels' X='2' Y='214' />
<Size Units='Pixels' Width='158' Height='84' />
<VisualStyles>
<VisualStyle State='0' Mode='0'>
<Face Type='2D'>
<Color  R='0.752941' G='0.752941' B='0.752941' A='0' />
</Face>
<Image Id='17' Alpha='1' />
<Text Id='27' FontId='1' Alignment='CenterCenter' Wrap='True'>
<Color  R='1' G='1' B='1' A='1' />
</Text>
</VisualStyle>
<VisualStyle State='1' Mode='0'>
<Face Type='2D'>
<Color  R='0.109804' G='0' B='0' A='0' />
</Face>
<Image Id='18' Alpha='1' />
<Text Id='27' FontId='1' Alignment='CenterCenter' Wrap='True'>
<Color  R='1' G='1' B='0.776471' A='1' />
</Text>
</VisualStyle>
</VisualStyles>
<Bindings>
<Binding Id='1009' Type='Digital' Property='State'/>
</Bindings>
<Commands>
<Command Action='TouchDown' Id='1009' Type='Digital' Value='True' />
<Command Action='TouchUp' Id='1009' Type='Digital' Value='False' />
</Commands>
</Control>
<Control Type='Button' Name='Button'>
<Position Units='Pixels' X='108' Y='302' />
<Size Units='Pixels' Width='104' Height='93' />
<VisualStyles>
<VisualStyle State='0' Mode='0'>
<Face Type='2D'>
<Color  R='0.752941' G='0.752941' B='0.752941' A='0' />
</Face>
<Image Id='2' Alpha='1' />
<Text Id='28' FontId='1' Alignment='CenterCenter' Wrap='True'>
<Color  R='1' G='1' B='1' A='1' />
</Text>
</VisualStyle>
<VisualStyle State='1' Mode='0'>
<Face Type='2D'>
<Color  R='0.109804' G='0' B='0' A='0' />
</Face>
<Image Id='3' Alpha='1' />
<Text Id='28' FontId='1' Alignment='CenterCenter' Wrap='True'>
<Color  R='1' G='1' B='0.776471' A='1' />
</Text>
</VisualStyle>
</VisualStyles>
<Bindings>
<Binding Id='1016' Type='Digital' Property='State'/>
</Bindings>
<Commands>
<Command Action='TouchDown' Id='1016' Type='Digital' Value='True' />
<Command Action='TouchUp' Id='1016' Type='Digital' Value='False' />
</Commands>
</Control>
<Control Type='Button' Name='Button'>
<Position Units='Pixels' X='214' Y='302' />
<Size Units='Pixels' Width='104' Height='93' />
<VisualStyles>
<VisualStyle State='0' Mode='0'>
<Face Type='2D'>
<Color  R='0.752941' G='0.752941' B='0.752941' A='0' />
</Face>
<Image Id='2' Alpha='1' />
<Text Id='29' FontId='1' Alignment='CenterCenter' Wrap='True'>
<Color  R='1' G='1' B='1' A='1' />
</Text>
</VisualStyle>
<VisualStyle State='1' Mode='0'>
<Face Type='2D'>
<Color  R='0.109804' G='0' B='0' A='0' />
</Face>
<Image Id='3' Alpha='1' />
<Text Id='29' FontId='1' Alignment='CenterCenter' Wrap='True'>
<Color  R='1' G='1' B='0.776471' A='1' />
</Text>
</VisualStyle>
</VisualStyles>
<Bindings>
<Binding Id='1017' Type='Digital' Property='State'/>
</Bindings>
<Commands>
<Command Action='TouchDown' Id='1017' Type='Digital' Value='True' />
<Command Action='TouchUp' Id='1017' Type='Digital' Value='False' />
</Commands>
</Control>
<Control Type='Button' Name='Button'>
<Position Units='Pixels' X='108' Y='415' />
<Size Units='Pixels' Width='104' Height='44' />
<VisualStyles>
<VisualStyle State='0' Mode='0'>
<Face Type='2D'>
<Color  R='0.109804' G='0' B='0' A='0' />
</Face>
<Image Id='4' Alpha='1' />
<Text Id='8' FontId='2' Alignment='CenterCenter' Wrap='True'>
<Color  R='1' G='1' B='1' A='1' />
</Text>
</VisualStyle>
<VisualStyle State='1' Mode='0'>
<Face Type='2D'>
<Color  R='0.109804' G='0' B='0' A='0' />
</Face>
<Image Id='5' Alpha='1' />
<Text Id='8' FontId='2' Alignment='CenterCenter' Wrap='True'>
<Color  R='1' G='1' B='0' A='1' />
</Text>
</VisualStyle>
</VisualStyles>
<Commands>
<Command Action='TouchDown' PageFlip='_HOME' Transition='0' TransitionDuration='-1' />
</Commands>
</Control>
</Control>
</File>
