<?xml version='1.0' encoding='ISO-8859-1' ?>
<File Type='Page' Version='2.1.0'>
<Control Type='Page' Name='_TEMP' Transition='0' TransitionDuration='-1'>
<Position Units='Pixels' X='0' Y='0' />
<Size Units='Pixels' Width='320' Height='460' />
<VisualStyles>
<VisualStyle>
<Background>
<Color  R='1' G='1' B='1' A='1' />
</Background>
<Image Id='1' />
</VisualStyle>
</VisualStyles>
<Control Type='Button' Name='Button'>
<Position Units='Pixels' X='5' Y='8' />
<Size Units='Pixels' Width='312' Height='56' />
<VisualStyles>
<VisualStyle State='0' Mode='0'>
<Face Type='2D'>
<Color  R='0.752941' G='0.752941' B='0.752941' A='0' />
</Face>
<Image Id='10' Alpha='1' />
</VisualStyle>
<VisualStyle State='1' Mode='0'>
<Face Type='2D'>
<Color  R='0.752941' G='0.752941' B='0.752941' A='0' />
</Face>
<Image Id='10' Alpha='1' />
</VisualStyle>
</VisualStyles>
</Control>
<Control Type='Button' Name='Button'>
<Position Units='Pixels' X='1' Y='64' />
<Size Units='Pixels' Width='105' Height='51' />
<VisualStyles>
<VisualStyle State='0' Mode='0'>
<Face Type='2D'>
<Color  R='0.752941' G='0.752941' B='0.752941' A='0' />
</Face>
<Image Id='11' Alpha='1' />
<Text Id='13' FontId='1' Alignment='CenterCenter' Wrap='True'>
<Color  R='1' G='1' B='1' A='1' />
</Text>
</VisualStyle>
<VisualStyle State='1' Mode='0'>
<Face Type='2D'>
<Color  R='0.109804' G='0' B='0' A='0' />
</Face>
<Image Id='12' Alpha='1' />
<Text Id='13' FontId='1' Alignment='CenterCenter' Wrap='True'>
<Color  R='1' G='1' B='0.776471' A='1' />
</Text>
</VisualStyle>
</VisualStyles>
<Bindings>
<Binding Id='1800' Type='Digital' Property='State'/>
</Bindings>
<Commands>
<Command Action='TouchDown' Id='1800' Type='Digital' Value='True' />
<Command Action='TouchUp' Id='1800' Type='Digital' Value='False' />
</Commands>
</Control>
<Control Type='Button' Name='Button'>
<Position Units='Pixels' X='108' Y='64' />
<Size Units='Pixels' Width='105' Height='51' />
<VisualStyles>
<VisualStyle State='0' Mode='0'>
<Face Type='2D'>
<Color  R='0.752941' G='0.752941' B='0.752941' A='0' />
</Face>
<Image Id='11' Alpha='1' />
<Text Id='14' FontId='1' Alignment='CenterCenter' Wrap='True'>
<Color  R='1' G='1' B='1' A='1' />
</Text>
</VisualStyle>
<VisualStyle State='1' Mode='0'>
<Face Type='2D'>
<Color  R='0.109804' G='0' B='0' A='0' />
</Face>
<Image Id='12' Alpha='1' />
<Text Id='14' FontId='1' Alignment='CenterCenter' Wrap='True'>
<Color  R='1' G='1' B='0.776471' A='1' />
</Text>
</VisualStyle>
</VisualStyles>
<Bindings>
<Binding Id='1801' Type='Digital' Property='State'/>
</Bindings>
<Commands>
<Command Action='TouchDown' Id='1801' Type='Digital' Value='True' />
<Command Action='TouchUp' Id='1801' Type='Digital' Value='False' />
</Commands>
</Control>
<Control Type='Button' Name='Button'>
<Position Units='Pixels' X='214' Y='64' />
<Size Units='Pixels' Width='105' Height='51' />
<VisualStyles>
<VisualStyle State='0' Mode='0'>
<Face Type='2D'>
<Color  R='0.752941' G='0.752941' B='0.752941' A='0' />
</Face>
<Image Id='11' Alpha='1' />
<Text Id='15' FontId='1' Alignment='CenterCenter' Wrap='True'>
<Color  R='1' G='1' B='1' A='1' />
</Text>
</VisualStyle>
<VisualStyle State='1' Mode='0'>
<Face Type='2D'>
<Color  R='0.109804' G='0' B='0' A='0' />
</Face>
<Image Id='12' Alpha='1' />
<Text Id='15' FontId='1' Alignment='CenterCenter' Wrap='True'>
<Color  R='1' G='1' B='0.776471' A='1' />
</Text>
</VisualStyle>
</VisualStyles>
<Bindings>
<Binding Id='1802' Type='Digital' Property='State'/>
</Bindings>
<Commands>
<Command Action='TouchDown' Id='1802' Type='Digital' Value='True' />
<Command Action='TouchUp' Id='1802' Type='Digital' Value='False' />
</Commands>
</Control>
<Control Type='Button' Name='Button'>
<Position Units='Pixels' X='1' Y='115' />
<Size Units='Pixels' Width='105' Height='51' />
<VisualStyles>
<VisualStyle State='0' Mode='0'>
<Face Type='2D'>
<Color  R='0.752941' G='0.752941' B='0.752941' A='0' />
</Face>
<Image Id='11' Alpha='1' />
<Text Id='16' FontId='5' Alignment='CenterCenter' Wrap='True'>
<Color  R='1' G='1' B='1' A='1' />
</Text>
</VisualStyle>
<VisualStyle State='1' Mode='0'>
<Face Type='2D'>
<Color  R='0.109804' G='0' B='0' A='0' />
</Face>
<Image Id='12' Alpha='1' />
<Text Id='16' FontId='5' Alignment='CenterCenter' Wrap='True'>
<Color  R='1' G='1' B='0.776471' A='1' />
</Text>
</VisualStyle>
</VisualStyles>
<Bindings>
<Binding Id='1806' Type='Digital' Property='State'/>
</Bindings>
<Commands>
<Command Action='TouchDown' Id='1806' Type='Digital' Value='True' />
<Command Action='TouchUp' Id='1806' Type='Digital' Value='False' />
</Commands>
</Control>
<Control Type='Button' Name='Button'>
<Position Units='Pixels' X='108' Y='115' />
<Size Units='Pixels' Width='105' Height='51' />
<VisualStyles>
<VisualStyle State='0' Mode='0'>
<Face Type='2D'>
<Color  R='0.752941' G='0.752941' B='0.752941' A='0' />
</Face>
<Image Id='11' Alpha='1' />
<Text Id='17' FontId='5' Alignment='CenterCenter' Wrap='True'>
<Color  R='1' G='1' B='1' A='1' />
</Text>
</VisualStyle>
<VisualStyle State='1' Mode='0'>
<Face Type='2D'>
<Color  R='0.109804' G='0' B='0' A='0' />
</Face>
<Image Id='12' Alpha='1' />
<Text Id='17' FontId='5' Alignment='CenterCenter' Wrap='True'>
<Color  R='1' G='1' B='0.776471' A='1' />
</Text>
</VisualStyle>
</VisualStyles>
<Bindings>
<Binding Id='1805' Type='Digital' Property='State'/>
</Bindings>
<Commands>
<Command Action='TouchDown' Id='1805' Type='Digital' Value='True' />
<Command Action='TouchUp' Id='1805' Type='Digital' Value='False' />
</Commands>
</Control>
<Control Type='Button' Name='Button'>
<Position Units='Pixels' X='214' Y='115' />
<Size Units='Pixels' Width='105' Height='51' />
<VisualStyles>
<VisualStyle State='0' Mode='0'>
<Face Type='2D'>
<Color  R='0.752941' G='0.752941' B='0.752941' A='0' />
</Face>
<Image Id='11' Alpha='1' />
<Text Id='18' FontId='1' Alignment='CenterCenter' Wrap='True'>
<Color  R='1' G='1' B='1' A='1' />
</Text>
</VisualStyle>
<VisualStyle State='1' Mode='0'>
<Face Type='2D'>
<Color  R='0.109804' G='0' B='0' A='0' />
</Face>
<Image Id='12' Alpha='1' />
<Text Id='18' FontId='1' Alignment='CenterCenter' Wrap='True'>
<Color  R='1' G='1' B='0.776471' A='1' />
</Text>
</VisualStyle>
</VisualStyles>
<Bindings>
<Binding Id='1804' Type='Digital' Property='State'/>
</Bindings>
<Commands>
<Command Action='TouchDown' Id='1804' Type='Digital' Value='True' />
<Command Action='TouchUp' Id='1804' Type='Digital' Value='False' />
</Commands>
</Control>
<Control Type='Button' Name='Button'>
<Position Units='Pixels' X='226' Y='20' />
<Size Units='Pixels' Width='93' Height='33' />
<VisualStyles>
<VisualStyle State='0' Mode='0'>
<Face Type='2D'>
<Color  R='0.752941' G='0.752941' B='0.752941' A='0' />
</Face>
<Text FontId='6' Alignment='CenterLeft' Wrap='True'>
<Bindings>
<Binding Id='204' Type='Serial' Property='Text'/>
</Bindings>
<Color  R='0' G='1' B='0' A='1' />
</Text>
</VisualStyle>
<VisualStyle State='1' Mode='0'>
<Face Type='2D'>
<Color  R='0.752941' G='0.752941' B='0.752941' A='0' />
</Face>
<Text FontId='6' Alignment='CenterLeft' Wrap='True'>
<Bindings>
<Binding Id='204' Type='Serial' Property='Text'/>
</Bindings>
<Color  R='1' G='1' B='1' A='1' />
</Text>
</VisualStyle>
</VisualStyles>
</Control>
<Control Type='Button' Name='Text'>
<Position Units='Pixels' X='272' Y='12' />
<Size Units='Pixels' Width='33' Height='44' />
<VisualStyles>
<VisualStyle State='0' Mode='0'>
<Text Id='19' FontId='3' Alignment='CenterCenter' Wrap='False'>
<Color  R='0' G='1' B='0' A='1' />
</Text>
</VisualStyle>
</VisualStyles>
</Control>
<Control Type='Button' Name='Button'>
<Position Units='Pixels' X='266' Y='354' />
<Size Units='Pixels' Width='53' Height='57' />
<VisualStyles>
<VisualStyle State='0' Mode='0'>
<Face Type='2D'>
<Color  R='0.752941' G='0.752941' B='0.752941' A='0' />
</Face>
</VisualStyle>
<VisualStyle State='1' Mode='0'>
<Face Type='2D'>
<Color  R='0.752941' G='0.752941' B='0.752941' A='0' />
</Face>
<Image Id='13' Alpha='1' />
</VisualStyle>
</VisualStyles>
<Bindings>
<Binding Id='1883' Type='Digital' Property='State'/>
</Bindings>
<Commands>
<Command Action='TouchDown' Id='1883' Type='Digital' Value='True' />
<Command Action='TouchUp' Id='1883' Type='Digital' Value='False' />
</Commands>
</Control>
<Control Type='Button' Name='Button'>
<Position Units='Pixels' X='266' Y='354' />
<Size Units='Pixels' Width='53' Height='57' />
<VisualStyles>
<VisualStyle State='0' Mode='0'>
<Face Type='2D'>
<Color  R='0.752941' G='0.752941' B='0.752941' A='0' />
</Face>
</VisualStyle>
<VisualStyle State='1' Mode='0'>
<Face Type='2D'>
<Color  R='0.752941' G='0.752941' B='0.752941' A='0' />
</Face>
<Image Id='14' Alpha='1' />
</VisualStyle>
</VisualStyles>
<Bindings>
<Binding Id='1882' Type='Digital' Property='State'/>
</Bindings>
<Commands>
<Command Action='TouchDown' Id='1882' Type='Digital' Value='True' />
<Command Action='TouchUp' Id='1882' Type='Digital' Value='False' />
</Commands>
</Control>
<Control Type='Button' Name='Button'>
<Position Units='Pixels' X='12' Y='20' />
<Size Units='Pixels' Width='156' Height='33' />
<VisualStyles>
<VisualStyle State='0' Mode='0'>
<Face Type='2D'>
<Color  R='0.109804' G='0' B='0' A='0' />
</Face>
<Text FontId='6' Alignment='CenterRight' Wrap='True'>
<Bindings>
<Binding Id='5' Type='Serial' Property='Text'/>
</Bindings>
<Color  R='1' G='0' B='0' A='1' />
</Text>
</VisualStyle>
<VisualStyle State='1' Mode='0'>
<Face Type='2D'>
<Color  R='0.109804' G='0' B='0' A='0' />
</Face>
<Text FontId='6' Alignment='CenterRight' Wrap='True'>
<Bindings>
<Binding Id='5' Type='Serial' Property='Text'/>
</Bindings>
<Color  R='1' G='1' B='1' A='1' />
</Text>
</VisualStyle>
</VisualStyles>
</Control>
<Control Type='Button' Name='Button'>
<Position Units='Pixels' X='168' Y='20' />
<Size Units='Pixels' Width='69' Height='33' />
<VisualStyles>
<VisualStyle State='0' Mode='0'>
<Face Type='2D'>
<Color  R='0.109804' G='0' B='0' A='0' />
</Face>
<Text Id='20' FontId='6' Alignment='CenterLeft' Wrap='True'>
<Color  R='1' G='0' B='0' A='1' />
</Text>
</VisualStyle>
<VisualStyle State='1' Mode='0'>
<Face Type='2D'>
<Color  R='0.109804' G='0' B='0' A='0' />
</Face>
<Text Id='20' FontId='6' Alignment='CenterLeft' Wrap='True'>
<Color  R='1' G='1' B='1' A='1' />
</Text>
</VisualStyle>
</VisualStyles>
</Control>
<Control Type='Button' Name='Button'>
<Position Units='Pixels' X='0' Y='415' />
<Size Units='Pixels' Width='104' Height='44' />
<VisualStyles>
<VisualStyle State='0' Mode='0'>
<Face Type='2D'>
<Color  R='0.109804' G='0' B='0' A='0' />
</Face>
<Image Id='4' Alpha='1' />
<Text Id='7' FontId='2' Alignment='CenterCenter' Wrap='True'>
<Color  R='1' G='1' B='1' A='1' />
</Text>
</VisualStyle>
<VisualStyle State='1' Mode='0'>
<Face Type='2D'>
<Color  R='0.109804' G='0' B='0' A='0' />
</Face>
<Image Id='5' Alpha='1' />
<Text Id='7' FontId='2' Alignment='CenterCenter' Wrap='True'>
<Color  R='1' G='1' B='0' A='1' />
</Text>
</VisualStyle>
</VisualStyles>
<Commands>
<Command Action='TouchDown' PageFlip='Return' Transition='0' TransitionDuration='-1' />
</Commands>
</Control>
<Control Type='Button' Name='Button'>
<Position Units='Pixels' X='108' Y='415' />
<Size Units='Pixels' Width='104' Height='44' />
<VisualStyles>
<VisualStyle State='0' Mode='0'>
<Face Type='2D'>
<Color  R='0.109804' G='0' B='0' A='0' />
</Face>
<Image Id='4' Alpha='1' />
<Text Id='8' FontId='2' Alignment='CenterCenter' Wrap='True'>
<Color  R='1' G='1' B='1' A='1' />
</Text>
</VisualStyle>
<VisualStyle State='1' Mode='0'>
<Face Type='2D'>
<Color  R='0.109804' G='0' B='0' A='0' />
</Face>
<Image Id='5' Alpha='1' />
<Text Id='8' FontId='2' Alignment='CenterCenter' Wrap='True'>
<Color  R='1' G='1' B='0' A='1' />
</Text>
</VisualStyle>
</VisualStyles>
<Commands>
<Command Action='TouchDown' PageFlip='_HOME' Transition='0' TransitionDuration='-1' />
</Commands>
</Control>
<Control Type='Subpage' Name='Subref' Reference='_HVAC CONTROLS {0} SETPOINT'>
<Position Units='Pixels' X='0' Y='167' />
<Size Units='Pixels' Width='318' Height='244' />
<Bindings>
<Binding Id='1874' Type='Digital' Property='Visible'/>
</Bindings>
</Control>
<Control Type='Subpage' Name='Subref' Reference='_HVAC CONTROLS {1} SETPOINT'>
<Position Units='Pixels' X='0' Y='167' />
<Size Units='Pixels' Width='318' Height='244' />
<Bindings>
<Binding Id='1875' Type='Digital' Property='Visible'/>
</Bindings>
</Control>
<Control Type='Subpage' Name='Subref' Reference='_HVAC CONTROLS {2} SETPOINT'>
<Position Units='Pixels' X='0' Y='167' />
<Size Units='Pixels' Width='318' Height='244' />
<Bindings>
<Binding Id='1876' Type='Digital' Property='Visible'/>
</Bindings>
</Control>
</Control>
</File>
