<?xml version='1.0' encoding='ISO-8859-1' ?>
<File Type='Resource' Version='2.1.0'>
<Resources>
<Font Id='1' Size ='23' FaceName='Arial' Weight='400' Bold='False' Italic='False' Underline='False' Strike='False' />
<Font Id='2' Size ='19' FaceName='Arial' Weight='400' Bold='False' Italic='False' Underline='False' Strike='False' />
<Font Id='3' Size ='37' FaceName='Arial' Weight='400' Bold='False' Italic='False' Underline='False' Strike='False' />
<Font Id='4' Size ='23' FaceName='Arial' Weight='400' Bold='False' Italic='False' Underline='False' Strike='False' />
<Font Id='5' Size ='16' FaceName='Arial' Weight='400' Bold='False' Italic='False' Underline='False' Strike='False' />
<Font Id='6' Size ='19' FaceName='Arial' Weight='400' Bold='False' Italic='False' Underline='False' Strike='False' />
<Font Id='7' Size ='15' FaceName='Arial' Weight='400' Bold='False' Italic='False' Underline='False' Strike='False' />
<Font Id='8' Size ='31' FaceName='Arial' Weight='400' Bold='False' Italic='False' Underline='False' Strike='False' />
<Font Id='9' Size ='16' FaceName='Arial' Weight='700' Bold='True' Italic='False' Underline='False' Strike='False' />
<Font Id='10' Size ='48' FaceName='Guifxv2Transports' Weight='400' Bold='False' Italic='False' Underline='False' Strike='False' />
<Font Id='11' Size ='35' FaceName='Guifxv2Transports' Weight='400' Bold='False' Italic='False' Underline='False' Strike='False' />
<Font Id='12' Size ='15' FaceName='Arial' Weight='400' Bold='False' Italic='False' Underline='False' Strike='False' />
<Font Id='13' Size ='16' FaceName='Arial' Weight='400' Bold='False' Italic='False' Underline='False' Strike='False' />
<Font Id='14' Size ='45' FaceName='Arial' Weight='400' Bold='False' Italic='False' Underline='False' Strike='False' />
<Text Id='1'>Audio</Text>
<Text Id='2'>Video</Text>
<Text Id='3'>Lights</Text>
<Text Id='4'>Temp</Text>
<Text Id='5'>Power</Text>
<Text Id='6'>Drapes</Text>
<Text Id='7'>Back</Text>
<Text Id='8'>Home</Text>
<Text Id='9'>Source Selection</Text>
<Text Id='10'>Vol-</Text>
<Text Id='11'>Vol+</Text>
<Text Id='12'>Mute</Text>
<Text Id='13'>Heat</Text>
<Text Id='14'>Cool</Text>
<Text Id='15'>Auto</Text>
<Text Id='16'>Fan
Auto</Text>
<Text Id='17'>Fan
On</Text>
<Text Id='18'>Off</Text>
<Text Id='19'>�</Text>
<Text Id='20'> - Temp:</Text>
<Text Id='21'>1</Text>
<Text Id='22'>2</Text>
<Text Id='23'>3</Text>
<Text Id='24'>4</Text>
<Text Id='25'>Sheers</Text>
<Text Id='26'>Open</Text>
<Text Id='27'>All</Text>
<Text Id='28'>Stop</Text>
<Text Id='29'>Close</Text>
<Text Id='30'>Yes</Text>
<Text Id='31'>Power Off</Text>
<Text Id='32'>No</Text>
<Text Id='33'>Select Your Desired Mode Above</Text>
<Text Id='34'>Up</Text>
<Text Id='35'>Down</Text>
<Text Id='36'>7</Text>
<Text Id='37'>0</Text>
<Text Id='38'>8</Text>
<Text Id='39'>5</Text>
<Text Id='40'>6</Text>
<Text Id='41'>9</Text>
<Text Id='42'>Channel
Up</Text>
<Text Id='43'>Favs</Text>
<Text Id='44'>TiVo</Text>
<Text Id='45'>Channel
Down</Text>
<Text Id='46'>a</Text>
<Text Id='47'>s</Text>
<Text Id='48'>w</Text>
<Text Id='49'>d</Text>
<Text Id='50'>Scroll
Up</Text>
<Text Id='51'>Page
Up</Text>
<Text Id='52'>Scroll
Down</Text>
<Text Id='53'>Page
Down</Text>
<Text Id='54'>Channel Number:</Text>
<Text Id='55'>Channel Name:</Text>
<Text Id='56'>Channel Catagory</Text>
<Text Id='57'>Satellite:</Text>
<Text Id='58'>Artist:</Text>
<Text Id='59'>Song:</Text>
<Text Id='60'>Enter</Text>
<Text Id='61'>Clear</Text>
<Text Id='62'>T-Menu</Text>
<Text Id='63'>P-Menu</Text>
<Text Id='64'>Right</Text>
<Text Id='65'>Select</Text>
<Text Id='66'>Left</Text>
<Text Id='67'>Return</Text>
<Text Id='68'>Display</Text>
<Text Id='69'>Trk-</Text>
<Text Id='70'>Trk+</Text>
<Text Id='71'>Play</Text>
<Text Id='72'>iPod is in Local Mode.
Select &quot;Override&quot; below
to take Control</Text>
<Text Id='73'>Override</Text>
<Text Id='74'>There is no iPod in the
Docking Station</Text>
<Text Id='75'>Menu</Text>
<Text Id='76'>Master
Suite</Text>
<Text Id='77'>His
Bath</Text>
<Text Id='78'>Her
Bath</Text>
<Text Id='79'>Hall</Text>
<Text Id='80'>House
On</Text>
<Text Id='81'>House
Off</Text>
<Text Id='82'>Walk-In
Closet</Text>
<Text Id='83'>Entry</Text>
<Text Id='84'>Lower</Text>
<Text Id='85'>Raise</Text>
<Text Id='86'>Thermostat</Text>
<Text Id='87'>Zone Selection</Text>
<Text Id='88'>Keypad</Text>
<Text Id='89'>More..</Text>
<Text Id='90'>&apos;</Text>
<Text Id='91'>;</Text>
<Image Id='1' Native='False' Path='Background_20004.png' Format='png'>
<Size Units='Pixels' Width='240' Height='320' />
</Image>
<Image Id='2' Native='False' Path='Button-HBS-119x105-Inactive.png' Format='png'>
<Size Units='Pixels' Width='119' Height='105' />
</Image>
<Image Id='3' Native='False' Path='Button-RHS-119x105-Active.png' Format='png'>
<Size Units='Pixels' Width='119' Height='105' />
</Image>
<Image Id='4' Native='False' Path='Button-Flex-Inactive.png' Format='png'>
<Size Units='Pixels' Width='78' Height='31' />
</Image>
<Image Id='5' Native='False' Path='Button-Flex-Active.png' Format='png'>
<Size Units='Pixels' Width='78' Height='31' />
</Image>
<Image Id='6' Native='False' Path='Button-HBS-119x44-Inactive.png' Format='png'>
<Size Units='Pixels' Width='119' Height='44' />
</Image>
<Image Id='7' Native='False' Path='Button-RHS-119x44-Active.png' Format='png'>
<Size Units='Pixels' Width='119' Height='44' />
</Image>
<Image Id='8' Native='False' Path='Button-HBS-59X42-Inactive.png' Format='png'>
<Size Units='Pixels' Width='59' Height='42' />
</Image>
<Image Id='9' Native='False' Path='Button-RHS-59X42-Active.png' Format='png'>
<Size Units='Pixels' Width='59' Height='42' />
</Image>
<Image Id='10' Native='False' Path='Text-234x39.png' Format='png'>
<Size Units='Pixels' Width='234' Height='39' />
</Image>
<Image Id='11' Native='False' Path='Button-HBS-79x56-Inactive.png' Format='png'>
<Size Units='Pixels' Width='79' Height='56' />
</Image>
<Image Id='12' Native='False' Path='Button-RHS-79x56-Active.png' Format='png'>
<Size Units='Pixels' Width='79' Height='56' />
</Image>
<Image Id='13' Native='False' Path='Button-40x40-Blue.png' Format='png'>
<Size Units='Pixels' Width='40' Height='40' />
</Image>
<Image Id='14' Native='False' Path='Button-40x40-Red.png' Format='png'>
<Size Units='Pixels' Width='40' Height='40' />
</Image>
<Image Id='15' Native='False' Path='Button-HBS-59x56-Inactive.png' Format='png'>
<Size Units='Pixels' Width='59' Height='56' />
</Image>
<Image Id='16' Native='False' Path='Button-RHS-59x56-Active.png' Format='png'>
<Size Units='Pixels' Width='59' Height='56' />
</Image>
<Image Id='17' Native='False' Path='Button-HBS-119X59-Inactive.png' Format='png'>
<Size Units='Pixels' Width='119' Height='59' />
</Image>
<Image Id='18' Native='False' Path='Button-RHS-119X59-Active.png' Format='png'>
<Size Units='Pixels' Width='119' Height='59' />
</Image>
<Image Id='19' Native='False' Path='Button-HBS-95x95-Inactive.png' Format='png'>
<Size Units='Pixels' Width='95' Height='95' />
</Image>
<Image Id='20' Native='False' Path='Button-RHS-95x95-Active.png' Format='png'>
<Size Units='Pixels' Width='95' Height='95' />
</Image>
<Image Id='21' Native='False' Path='Text-[TS]-218x174.png' Format='png'>
<Size Units='Pixels' Width='218' Height='174' />
</Image>
<Image Id='22' Native='False' Path='Text-[TS]-73x43.png' Format='png'>
<Size Units='Pixels' Width='73' Height='43' />
</Image>
<Image Id='23' Native='False' Path='Button-HBS-59x59-Inactive.png' Format='png'>
<Size Units='Pixels' Width='59' Height='59' />
</Image>
<Image Id='24' Native='False' Path='Button-RHS-59x59-Active.png' Format='png'>
<Size Units='Pixels' Width='59' Height='59' />
</Image>
<Image Id='25' Native='False' Path='Background_20002.png' Format='png'>
<Size Units='Pixels' Width='240' Height='320' />
</Image>
<Image Id='26' Native='False' Path='Button-HBS-119x56-Inactive.png' Format='png'>
<Size Units='Pixels' Width='119' Height='56' />
</Image>
<Image Id='27' Native='False' Path='Button-RHS-119x56-Active.png' Format='png'>
<Size Units='Pixels' Width='119' Height='56' />
</Image>
<Image Id='28' Native='False' Path='SideTrigger2.png' Format='png'>
<Size Units='Pixels' Width='18' Height='60' />
</Image>
<Image Id='29' Native='False' Path='40s.png' Format='png'>
<Size Units='Pixels' Width='112' Height='43' />
</Image>
<Image Id='30' Native='False' Path='50s.png' Format='png'>
<Size Units='Pixels' Width='112' Height='43' />
</Image>
<Image Id='31' Native='False' Path='60s.png' Format='png'>
<Size Units='Pixels' Width='112' Height='43' />
</Image>
<Image Id='32' Native='False' Path='70s.png' Format='png'>
<Size Units='Pixels' Width='112' Height='43' />
</Image>
<Image Id='33' Native='False' Path='80s.png' Format='png'>
<Size Units='Pixels' Width='112' Height='43' />
</Image>
<Image Id='34' Native='False' Path='90s.png' Format='png'>
<Size Units='Pixels' Width='112' Height='43' />
</Image>
<Image Id='35' Native='False' Path='ELVIS-RADIO.png' Format='png'>
<Size Units='Pixels' Width='112' Height='43' />
</Image>
<Image Id='36' Native='False' Path='TOP-20-ON-20.png' Format='png'>
<Size Units='Pixels' Width='112' Height='43' />
</Image>
<Image Id='37' Native='False' Path='LOVE.png' Format='png'>
<Size Units='Pixels' Width='112' Height='43' />
</Image>
<Image Id='38' Native='False' Path='BLEND.png' Format='png'>
<Size Units='Pixels' Width='112' Height='43' />
</Image>
<Image Id='39' Native='False' Path='PULSE.png' Format='png'>
<Size Units='Pixels' Width='112' Height='43' />
</Image>
<Image Id='40' Native='False' Path='BRIDGE.png' Format='png'>
<Size Units='Pixels' Width='112' Height='43' />
</Image>
<Image Id='41' Native='False' Path='ESCAPE.png' Format='png'>
<Size Units='Pixels' Width='112' Height='43' />
</Image>
<Image Id='42' Native='False' Path='BBC-RADIO.png' Format='png'>
<Size Units='Pixels' Width='112' Height='43' />
</Image>
<Image Id='43' Native='False' Path='POP-2K.png' Format='png'>
<Size Units='Pixels' Width='112' Height='43' />
</Image>
<Image Id='44' Native='False' Path='ROADHOUSE.png' Format='png'>
<Size Units='Pixels' Width='112' Height='43' />
</Image>
<Image Id='45' Native='False' Path='OUTLAW-COUNTRY.png' Format='png'>
<Size Units='Pixels' Width='112' Height='43' />
</Image>
<Image Id='46' Native='False' Path='WILLIES-PLACE.png' Format='png'>
<Size Units='Pixels' Width='112' Height='43' />
</Image>
<Image Id='47' Native='False' Path='BLUEGRASS-JUNCTION.png' Format='png'>
<Size Units='Pixels' Width='112' Height='43' />
</Image>
<Image Id='48' Native='False' Path='VILLAGE.png' Format='png'>
<Size Units='Pixels' Width='112' Height='43' />
</Image>
<Image Id='49' Native='False' Path='HIGHWAY.png' Format='png'>
<Size Units='Pixels' Width='112' Height='43' />
</Image>
<Image Id='50' Native='False' Path='PRIME-COUNTRY.png' Format='png'>
<Size Units='Pixels' Width='112' Height='43' />
</Image>
<Image Id='51' Native='False' Path='SOUL-TOWN.png' Format='png'>
<Size Units='Pixels' Width='112' Height='43' />
</Image>
<Image Id='52' Native='False' Path='HEART-AND-SOUL.png' Format='png'>
<Size Units='Pixels' Width='112' Height='43' />
</Image>
<Image Id='53' Native='False' Path='GROOVE.png' Format='png'>
<Size Units='Pixels' Width='112' Height='43' />
</Image>
<Image Id='54' Native='False' Path='SHADE-45.png' Format='png'>
<Size Units='Pixels' Width='112' Height='43' />
</Image>
<Image Id='55' Native='False' Path='HIP-HOP-NATION.png' Format='png'>
<Size Units='Pixels' Width='112' Height='43' />
</Image>
<Image Id='56' Native='False' Path='HEAT.png' Format='png'>
<Size Units='Pixels' Width='112' Height='43' />
</Image>
<Image Id='57' Native='False' Path='REAL-JAZZ.png' Format='png'>
<Size Units='Pixels' Width='112' Height='43' />
</Image>
<Image Id='58' Native='False' Path='WATERCOLORS.png' Format='png'>
<Size Units='Pixels' Width='112' Height='43' />
</Image>
<Image Id='59' Native='False' Path='SPA.png' Format='png'>
<Size Units='Pixels' Width='112' Height='43' />
</Image>
<Image Id='60' Native='False' Path='SIRIUSLY-SINATRA.png' Format='png'>
<Size Units='Pixels' Width='112' Height='43' />
</Image>
<Image Id='61' Native='False' Path='BB-KINGS-BLUESVILLE.png' Format='png'>
<Size Units='Pixels' Width='112' Height='43' />
</Image>
<Image Id='62' Native='False' Path='ON-BROADWAY.png' Format='png'>
<Size Units='Pixels' Width='112' Height='43' />
</Image>
<Image Id='63' Native='False' Path='CINEMAGIC.png' Format='png'>
<Size Units='Pixels' Width='112' Height='43' />
</Image>
<Image Id='64' Native='False' Path='LED-ZEPPLIN-RADIO.png' Format='png'>
<Size Units='Pixels' Width='112' Height='43' />
</Image>
<Image Id='65' Native='False' Path='DEEP-TRACKS.png' Format='png'>
<Size Units='Pixels' Width='112' Height='43' />
</Image>
<Image Id='66' Native='False' Path='HAIR-NATION.png' Format='png'>
<Size Units='Pixels' Width='112' Height='43' />
</Image>
<Image Id='67' Native='False' Path='LIQUID-METAL.png' Format='png'>
<Size Units='Pixels' Width='112' Height='43' />
</Image>
<Image Id='68' Native='False' Path='XMU.png' Format='png'>
<Size Units='Pixels' Width='112' Height='43' />
</Image>
<Image Id='69' Native='False' Path='1st-WAVE.png' Format='png'>
<Size Units='Pixels' Width='112' Height='43' />
</Image>
<Image Id='70' Native='False' Path='SPECTRUM.png' Format='png'>
<Size Units='Pixels' Width='112' Height='43' />
</Image>
<Image Id='71' Native='False' Path='CLASSIC-VINYL.png' Format='png'>
<Size Units='Pixels' Width='112' Height='43' />
</Image>
<Image Id='72' Native='False' Path='ALTERNATIVE-NATION.png' Format='png'>
<Size Units='Pixels' Width='112' Height='43' />
</Image>
<Image Id='73' Native='False' Path='OCTANE.png' Format='png'>
<Size Units='Pixels' Width='112' Height='43' />
</Image>
<Image Id='74' Native='False' Path='CLASSIC-REWIND.png' Format='png'>
<Size Units='Pixels' Width='112' Height='43' />
</Image>
<Image Id='75' Native='False' Path='LOFT.png' Format='png'>
<Size Units='Pixels' Width='112' Height='43' />
</Image>
<Image Id='76' Native='False' Path='The-Coffee-House.png' Format='png'>
<Size Units='Pixels' Width='112' Height='43' />
</Image>
<Image Id='77' Native='False' Path='FACTION.png' Format='png'>
<Size Units='Pixels' Width='112' Height='43' />
</Image>
<Image Id='78' Native='False' Path='ACDC-RADIO.png' Format='png'>
<Size Units='Pixels' Width='112' Height='43' />
</Image>
<Image Id='79' Native='False' Path='LITHIUM.png' Format='png'>
<Size Units='Pixels' Width='112' Height='43' />
</Image>
<Image Id='80' Native='False' Path='RADIO-MARGARITAVILLE.png' Format='png'>
<Size Units='Pixels' Width='112' Height='43' />
</Image>
<Image Id='81' Native='False' Path='JAM-ON.png' Format='png'>
<Size Units='Pixels' Width='112' Height='43' />
</Image>
<Image Id='82' Native='False' Path='GRATEFUL-DEAD.png' Format='png'>
<Size Units='Pixels' Width='112' Height='43' />
</Image>
<Image Id='83' Native='False' Path='E-STREET-RADIO.png' Format='png'>
<Size Units='Pixels' Width='112' Height='43' />
</Image>
<Image Id='84' Native='False' Path='UNDERGROUND-GARAGE.png' Format='png'>
<Size Units='Pixels' Width='112' Height='43' />
</Image>
<Image Id='85' Native='False' Path='MESSAGE.png' Format='png'>
<Size Units='Pixels' Width='112' Height='43' />
</Image>
<Image Id='86' Native='False' Path='PRAISE.png' Format='png'>
<Size Units='Pixels' Width='112' Height='43' />
</Image>
<Image Id='87' Native='False' Path='ENLIGHTEN.png' Format='png'>
<Size Units='Pixels' Width='112' Height='43' />
</Image>
<Image Id='88' Native='False' Path='POPS.png' Format='png'>
<Size Units='Pixels' Width='112' Height='43' />
</Image>
<Image Id='89' Native='False' Path='SYMPHONY-HALL.png' Format='png'>
<Size Units='Pixels' Width='112' Height='43' />
</Image>
<Image Id='90' Native='False' Path='MET-OPERA-RADIO.png' Format='png'>
<Size Units='Pixels' Width='112' Height='43' />
</Image>
<Image Id='91' Native='False' Path='AREA.png' Format='png'>
<Size Units='Pixels' Width='112' Height='43' />
</Image>
<Image Id='92' Native='False' Path='BPM.png' Format='png'>
<Size Units='Pixels' Width='112' Height='43' />
</Image>
<Image Id='93' Native='False' Path='xm-chill.png' Format='png'>
<Size Units='Pixels' Width='112' Height='43' />
</Image>
<Image Id='94' Native='False' Path='CALIENTE.png' Format='png'>
<Size Units='Pixels' Width='112' Height='43' />
</Image>
<Image Id='95' Native='False' Path='THE-JOINT.png' Format='png'>
<Size Units='Pixels' Width='112' Height='43' />
</Image>
<Image Id='96' Native='False' Path='THE-VERGE.png' Format='png'>
<Size Units='Pixels' Width='112' Height='43' />
</Image>
<Image Id='97' Native='False' Path='AIR-MUSIQUE.png' Format='png'>
<Size Units='Pixels' Width='112' Height='43' />
</Image>
<Image Id='98' Native='False' Path='SUR-LA-ROUTE.png' Format='png'>
<Size Units='Pixels' Width='112' Height='43' />
</Image>
<Image Id='99' Native='False' Path='ESPN-RADIO.png' Format='png'>
<Size Units='Pixels' Width='112' Height='43' />
</Image>
<Image Id='100' Native='False' Path='ESPN-EXTRA.png' Format='png'>
<Size Units='Pixels' Width='112' Height='43' />
</Image>
<Image Id='101' Native='False' Path='FOX-SPORTS-RADIO.png' Format='png'>
<Size Units='Pixels' Width='112' Height='43' />
</Image>
<Image Id='102' Native='False' Path='MAD-DOG-RADIO.png' Format='png'>
<Size Units='Pixels' Width='112' Height='43' />
</Image>
<Image Id='103' Native='False' Path='INDYCAR-SERIES.png' Format='png'>
<Size Units='Pixels' Width='112' Height='43' />
</Image>
<Image Id='104' Native='False' Path='PGA-TOUR.png' Format='png'>
<Size Units='Pixels' Width='112' Height='43' />
</Image>
<Image Id='105' Native='False' Path='XM-DEPORTINO.png' Format='png'>
<Size Units='Pixels' Width='112' Height='43' />
</Image>
<Image Id='106' Native='False' Path='MLB.png' Format='png'>
<Size Units='Pixels' Width='112' Height='43' />
</Image>
<Image Id='107' Native='False' Path='ATLANTIC-COAST-CONFERENCE.png' Format='png'>
<Size Units='Pixels' Width='112' Height='43' />
</Image>
<Image Id='108' Native='False' Path='PAC-10.png' Format='png'>
<Size Units='Pixels' Width='112' Height='43' />
</Image>
<Image Id='109' Native='False' Path='BIG-10-CONFERENCE.png' Format='png'>
<Size Units='Pixels' Width='112' Height='43' />
</Image>
<Image Id='110' Native='False' Path='SEC.png' Format='png'>
<Size Units='Pixels' Width='112' Height='43' />
</Image>
<Image Id='111' Native='False' Path='BIG-EAST-CONFERENCE.png' Format='png'>
<Size Units='Pixels' Width='112' Height='43' />
</Image>
<Image Id='112' Native='False' Path='BIG-12-CONFERENCE.png' Format='png'>
<Size Units='Pixels' Width='112' Height='43' />
</Image>
<Image Id='113' Native='False' Path='NHL-HOME-ICE.png' Format='png'>
<Size Units='Pixels' Width='112' Height='43' />
</Image>
<Image Id='114' Native='False' Path='NHL.png' Format='png'>
<Size Units='Pixels' Width='112' Height='43' />
</Image>
<Image Id='115' Native='False' Path='NBA.png' Format='png'>
<Size Units='Pixels' Width='112' Height='43' />
</Image>
<Image Id='116' Native='False' Path='SPORTS-PLAY-BY-PLAY.png' Format='png'>
<Size Units='Pixels' Width='112' Height='43' />
</Image>
<Image Id='117' Native='False' Path='XM-SCOREBOARD.png' Format='png'>
<Size Units='Pixels' Width='112' Height='43' />
</Image>
<Image Id='118' Native='False' Path='CALENDRIER-SPORTIF.png' Format='png'>
<Size Units='Pixels' Width='112' Height='43' />
</Image>
<Image Id='119' Native='False' Path='FOX-NEWS.png' Format='png'>
<Size Units='Pixels' Width='112' Height='43' />
</Image>
<Image Id='120' Native='False' Path='CNN.png' Format='png'>
<Size Units='Pixels' Width='112' Height='43' />
</Image>
<Image Id='121' Native='False' Path='HEADLINE-NEWS.png' Format='png'>
<Size Units='Pixels' Width='112' Height='43' />
</Image>
<Image Id='122' Native='False' Path='CNN-ESPANOL.png' Format='png'>
<Size Units='Pixels' Width='112' Height='43' />
</Image>
<Image Id='123' Native='False' Path='CNBC.png' Format='png'>
<Size Units='Pixels' Width='112' Height='43' />
</Image>
<Image Id='124' Native='False' Path='BLOOMBERG-RADIO.png' Format='png'>
<Size Units='Pixels' Width='112' Height='43' />
</Image>
<Image Id='125' Native='False' Path='POTUS.png' Format='png'>
<Size Units='Pixels' Width='112' Height='43' />
</Image>
<Image Id='126' Native='False' Path='BBC.png' Format='png'>
<Size Units='Pixels' Width='112' Height='43' />
</Image>
<Image Id='127' Native='False' Path='C-SPAN.png' Format='png'>
<Size Units='Pixels' Width='112' Height='43' />
</Image>
<Image Id='128' Native='False' Path='XM-PUBLIC-RADIO.png' Format='png'>
<Size Units='Pixels' Width='112' Height='43' />
</Image>
<Image Id='129' Native='False' Path='NPR-NOW.png' Format='png'>
<Size Units='Pixels' Width='112' Height='43' />
</Image>
<Image Id='130' Native='False' Path='WRN.png' Format='png'>
<Size Units='Pixels' Width='112' Height='43' />
</Image>
<Image Id='131' Native='False' Path='FOX-BUSINESS.png' Format='png'>
<Size Units='Pixels' Width='112' Height='43' />
</Image>
<Image Id='132' Native='False' Path='EXTREME-TALK.png' Format='png'>
<Size Units='Pixels' Width='112' Height='43' />
</Image>
<Image Id='133' Native='False' Path='AMERICAS-TALK.png' Format='png'>
<Size Units='Pixels' Width='112' Height='43' />
</Image>
<Image Id='134' Native='False' Path='ATN.png' Format='png'>
<Size Units='Pixels' Width='112' Height='43' />
</Image>
<Image Id='135' Native='False' Path='REACH-MD.png' Format='png'>
<Size Units='Pixels' Width='112' Height='43' />
</Image>
<Image Id='136' Native='False' Path='TALK-RADIO.png' Format='png'>
<Size Units='Pixels' Width='112' Height='43' />
</Image>
<Image Id='137' Native='False' Path='AMERICA-RIGHT.png' Format='png'>
<Size Units='Pixels' Width='112' Height='43' />
</Image>
<Image Id='138' Native='False' Path='AMERICA-LEFT.png' Format='png'>
<Size Units='Pixels' Width='112' Height='43' />
</Image>
<Image Id='139' Native='False' Path='FOX-NEWS-TALK.png' Format='png'>
<Size Units='Pixels' Width='112' Height='43' />
</Image>
<Image Id='140' Native='False' Path='POWER.png' Format='png'>
<Size Units='Pixels' Width='112' Height='43' />
</Image>
<Image Id='141' Native='False' Path='RADIO-PARALLELLE.png' Format='png'>
<Size Units='Pixels' Width='112' Height='43' />
</Image>
<Image Id='142' Native='False' Path='WLW.png' Format='png'>
<Size Units='Pixels' Width='112' Height='43' />
</Image>
<Image Id='143' Native='False' Path='CANADA-360.png' Format='png'>
<Size Units='Pixels' Width='112' Height='43' />
</Image>
<Image Id='144' Native='False' Path='QUOI-DE-NEUF.png' Format='png'>
<Size Units='Pixels' Width='112' Height='43' />
</Image>
<Image Id='145' Native='False' Path='SPECIALS.png' Format='png'>
<Size Units='Pixels' Width='112' Height='43' />
</Image>
<Image Id='146' Native='False' Path='SIRIUS-XM-139.png' Format='png'>
<Size Units='Pixels' Width='112' Height='43' />
</Image>
<Image Id='147' Native='False' Path='SIRIUS-XM-STARS.png' Format='png'>
<Size Units='Pixels' Width='112' Height='43' />
</Image>
<Image Id='148' Native='False' Path='OPRAH-AND-FRIENDS.png' Format='png'>
<Size Units='Pixels' Width='112' Height='43' />
</Image>
<Image Id='149' Native='False' Path='COSMO-RADIO.png' Format='png'>
<Size Units='Pixels' Width='112' Height='43' />
</Image>
<Image Id='150' Native='False' Path='SIRIUS-XM-BOOK-RADIO.png' Format='png'>
<Size Units='Pixels' Width='112' Height='43' />
</Image>
<Image Id='151' Native='False' Path='RADIO-CLASSICS.png' Format='png'>
<Size Units='Pixels' Width='112' Height='43' />
</Image>
<Image Id='152' Native='False' Path='OPEN-ROAD.png' Format='png'>
<Size Units='Pixels' Width='112' Height='43' />
</Image>
<Image Id='153' Native='False' Path='RADIO-DISNEY.png' Format='png'>
<Size Units='Pixels' Width='112' Height='43' />
</Image>
<Image Id='154' Native='False' Path='KIDS-PLACE-LIVE.png' Format='png'>
<Size Units='Pixels' Width='112' Height='43' />
</Image>
<Image Id='155' Native='False' Path='DOCTOR-RADIO.png' Format='png'>
<Size Units='Pixels' Width='112' Height='43' />
</Image>
<Image Id='156' Native='False' Path='CATHOLIC-CHANNEL.png' Format='png'>
<Size Units='Pixels' Width='112' Height='43' />
</Image>
<Image Id='157' Native='False' Path='FAMILY-TALK.png' Format='png'>
<Size Units='Pixels' Width='112' Height='43' />
</Image>
<Image Id='158' Native='False' Path='BLUE-COLLAR.png' Format='png'>
<Size Units='Pixels' Width='112' Height='43' />
</Image>
<Image Id='159' Native='False' Path='FOXX-HOLE.png' Format='png'>
<Size Units='Pixels' Width='112' Height='43' />
</Image>
<Image Id='160' Native='False' Path='RAW-DOG-COMEDY.png' Format='png'>
<Size Units='Pixels' Width='112' Height='43' />
</Image>
<Image Id='161' Native='False' Path='LAUGH-USA.png' Format='png'>
<Size Units='Pixels' Width='112' Height='43' />
</Image>
<Image Id='162' Native='False' Path='LAUGH-ATTACK.png' Format='png'>
<Size Units='Pixels' Width='112' Height='43' />
</Image>
<Image Id='163' Native='False' Path='NATIONAL-LAMPOON.png' Format='png'>
<Size Units='Pixels' Width='112' Height='43' />
</Image>
<Image Id='164' Native='False' Path='VIRUS.png' Format='png'>
<Size Units='Pixels' Width='112' Height='43' />
</Image>
<Image Id='165' Native='False' Path='NASHVILLE.png' Format='png'>
<Size Units='Pixels' Width='112' Height='43' />
</Image>
<Image Id='166' Native='False' Path='KISS.png' Format='png'>
<Size Units='Pixels' Width='112' Height='43' />
</Image>
<Image Id='167' Native='False' Path='MIX.png' Format='png'>
<Size Units='Pixels' Width='112' Height='43' />
</Image>
<Image Id='168' Native='False' Path='PINK-CHANNEL.png' Format='png'>
<Size Units='Pixels' Width='112' Height='43' />
</Image>
<Image Id='169' Native='False' Path='ROCK-AT-RANDOM.png' Format='png'>
<Size Units='Pixels' Width='112' Height='43' />
</Image>
<Image Id='170' Native='False' Path='HOWARD-100.png' Format='png'>
<Size Units='Pixels' Width='112' Height='43' />
</Image>
<Image Id='171' Native='False' Path='HOWARD-101.png' Format='png'>
<Size Units='Pixels' Width='112' Height='43' />
</Image>
<Image Id='172' Native='False' Path='MARTHA-STEWART.png' Format='png'>
<Size Units='Pixels' Width='112' Height='43' />
</Image>
<Image Id='173' Native='False' Path='NFL-RADIO.png' Format='png'>
<Size Units='Pixels' Width='112' Height='43' />
</Image>
<Image Id='174' Native='False' Path='NASCAR.png' Format='png'>
<Size Units='Pixels' Width='112' Height='43' />
</Image>
<Image Id='175' Native='False' Path='PLAYBOY-RADIO.png' Format='png'>
<Size Units='Pixels' Width='112' Height='43' />
</Image>
<Image Id='176' Native='False' Path='backspin.png' Format='png'>
<Size Units='Pixels' Width='112' Height='43' />
</Image>
<Image Id='177' Native='False' Path='bandeapart.png' Format='png'>
<Size Units='Pixels' Width='112' Height='43' />
</Image>
<Image Id='178' Native='False' Path='boneyard.png' Format='png'>
<Size Units='Pixels' Width='112' Height='43' />
</Image>
<Image Id='179' Native='False' Path='CBC-Radio-1.png' Format='png'>
<Size Units='Pixels' Width='112' Height='43' />
</Image>
<Image Id='180' Native='False' Path='cbc-radio-3.png' Format='png'>
<Size Units='Pixels' Width='112' Height='43' />
</Image>
<Image Id='181' Native='False' Path='energie-2.png' Format='png'>
<Size Units='Pixels' Width='112' Height='43' />
</Image>
<Image Id='182' Native='False' Path='ESPN-Deportes.png' Format='png'>
<Size Units='Pixels' Width='112' Height='43' />
</Image>
<Image Id='183' Native='False' Path='EWTN.png' Format='png'>
<Size Units='Pixels' Width='112' Height='43' />
</Image>
<Image Id='184' Native='False' Path='Family-Net.png' Format='png'>
<Size Units='Pixels' Width='112' Height='43' />
</Image>
<Image Id='185' Native='False' Path='Hardcore-Sports-Radio.png' Format='png'>
<Size Units='Pixels' Width='112' Height='43' />
</Image>
<Image Id='186' Native='False' Path='iceberg-85.png' Format='png'>
<Size Units='Pixels' Width='112' Height='43' />
</Image>
<Image Id='187' Native='False' Path='JBC.png' Format='png'>
<Size Units='Pixels' Width='112' Height='43' />
</Image>
<Image Id='188' Native='False' Path='mad-dog-radio.png' Format='png'>
<Size Units='Pixels' Width='112' Height='43' />
</Image>
<Image Id='189' Native='False' Path='NPR-Talk.png' Format='png'>
<Size Units='Pixels' Width='112' Height='43' />
</Image>
<Image Id='190' Native='False' Path='Out-Q.png' Format='png'>
<Size Units='Pixels' Width='112' Height='43' />
</Image>
<Image Id='191' Native='False' Path='PGA-Tour.png' Format='png'>
<Size Units='Pixels' Width='112' Height='43' />
</Image>
<Image Id='192' Native='False' Path='Premiere-Plus.png' Format='png'>
<Size Units='Pixels' Width='112' Height='43' />
</Image>
<Image Id='193' Native='False' Path='RCI.png' Format='png'>
<Size Units='Pixels' Width='112' Height='43' />
</Image>
<Image Id='194' Native='False' Path='Road-Dog.png' Format='png'>
<Size Units='Pixels' Width='112' Height='43' />
</Image>
<Image Id='195' Native='False' Path='rock-velours.png' Format='png'>
<Size Units='Pixels' Width='112' Height='43' />
</Image>
<Image Id='196' Native='False' Path='sirius-hits.png' Format='png'>
<Size Units='Pixels' Width='112' Height='43' />
</Image>
<Image Id='197' Native='False' Path='Sirius-Left.png' Format='png'>
<Size Units='Pixels' Width='112' Height='43' />
</Image>
<Image Id='198' Native='False' Path='Sirius-Patriot.png' Format='png'>
<Size Units='Pixels' Width='112' Height='43' />
</Image>
<Image Id='199' Native='False' Path='Sirius-Specials.png' Format='png'>
<Size Units='Pixels' Width='112' Height='43' />
</Image>
<Image Id='200' Native='False' Path='Sirius-XM-Stars-Too.png' Format='png'>
<Size Units='Pixels' Width='112' Height='43' />
</Image>
<Image Id='201' Native='False' Path='Sporting-News-Radio.png' Format='png'>
<Size Units='Pixels' Width='112' Height='43' />
</Image>
<Image Id='202' Native='False' Path='Sports-Express-97.png' Format='png'>
<Size Units='Pixels' Width='112' Height='43' />
</Image>
<Image Id='203' Native='False' Path='Sports-Extra.png' Format='png'>
<Size Units='Pixels' Width='112' Height='43' />
</Image>
<Image Id='204' Native='False' Path='sports-nation.png' Format='png'>
<Size Units='Pixels' Width='112' Height='43' />
</Image>
<Image Id='205' Native='False' Path='Sports-Play-by-Play-1.png' Format='png'>
<Size Units='Pixels' Width='112' Height='43' />
</Image>
<Image Id='206' Native='False' Path='Sports-Play-by-Play-2.png' Format='png'>
<Size Units='Pixels' Width='112' Height='43' />
</Image>
<Image Id='207' Native='False' Path='the-strobe.png' Format='png'>
<Size Units='Pixels' Width='112' Height='43' />
</Image>
<Image Id='208' Native='False' Path='Weather-~-Emergency.png' Format='png'>
<Size Units='Pixels' Width='112' Height='43' />
</Image>
<Image Id='209' Native='False' Path='XM-Public-Radio.png' Format='png'>
<Size Units='Pixels' Width='112' Height='43' />
</Image>
<Image Id='210' Native='False' Path='Text-[TS]-240x320.png' Format='png'>
<Size Units='Pixels' Width='240' Height='320' />
</Image>
<Image Id='211' Native='False' Path='Text-191x41.png' Format='png'>
<Size Units='Pixels' Width='191' Height='41' />
</Image>
<Image Id='212' Native='False' Path='Button-HBS-63x55-Inactive.png' Format='png'>
<Size Units='Pixels' Width='63' Height='55' />
</Image>
<Image Id='213' Native='False' Path='Button-RHS-63x55-Active.png' Format='png'>
<Size Units='Pixels' Width='63' Height='55' />
</Image>
<Image Id='214' Native='False' Path='Button-RHS-40x40-Active.png' Format='png'>
<Size Units='Pixels' Width='40' Height='40' />
</Image>
<Image Id='215' Native='False' Path='Button-40x40-Green.png' Format='png'>
<Size Units='Pixels' Width='40' Height='40' />
</Image>
<Image Id='216' Native='False' Path='Button-40x40-Yellow.png' Format='png'>
<Size Units='Pixels' Width='40' Height='40' />
</Image>
<Image Id='217' Native='False' Path='Button-HBS-240X54-Inactive.png' Format='png'>
<Size Units='Pixels' Width='240' Height='54' />
</Image>
<Image Id='218' Native='False' Path='Button-RHS-240X54-Active.png' Format='png'>
<Size Units='Pixels' Width='240' Height='54' />
</Image>
<Image Id='219' Native='False' Path='Text-[TS]-234x105.png' Format='png'>
<Size Units='Pixels' Width='234' Height='105' />
</Image>
<Image Id='220' Native='False' Path='nbc_Favs_20Button_20Inactive.png' Format='png'>
<Size Units='Pixels' Width='119' Height='59' />
</Image>
<Image Id='221' Native='False' Path='nbc_Favs_20Button_20Active.png' Format='png'>
<Size Units='Pixels' Width='119' Height='59' />
</Image>
<Image Id='222' Native='False' Path='fox_Favs_20Button_20Inactive.png' Format='png'>
<Size Units='Pixels' Width='119' Height='59' />
</Image>
<Image Id='223' Native='False' Path='fox_Favs_20Button_20Active.png' Format='png'>
<Size Units='Pixels' Width='119' Height='59' />
</Image>
<Image Id='224' Native='False' Path='abc_Favs_20Button_20Inactive.png' Format='png'>
<Size Units='Pixels' Width='119' Height='59' />
</Image>
<Image Id='225' Native='False' Path='abc_Favs_20Button_20Active.png' Format='png'>
<Size Units='Pixels' Width='119' Height='59' />
</Image>
<Image Id='226' Native='False' Path='cbs_Favs_20Button_20Inactive.png' Format='png'>
<Size Units='Pixels' Width='119' Height='59' />
</Image>
<Image Id='227' Native='False' Path='cbs_Favs_20Button_20Active.png' Format='png'>
<Size Units='Pixels' Width='119' Height='59' />
</Image>
<Image Id='228' Native='False' Path='cnn_Favs_20Button_20Inactive.png' Format='png'>
<Size Units='Pixels' Width='119' Height='59' />
</Image>
<Image Id='229' Native='False' Path='cnn_Favs_20Button_20Active.png' Format='png'>
<Size Units='Pixels' Width='119' Height='59' />
</Image>
<Image Id='230' Native='False' Path='headline-news_Favs_20Button_20Inactive.png' Format='png'>
<Size Units='Pixels' Width='119' Height='59' />
</Image>
<Image Id='231' Native='False' Path='headline-news_Favs_20Button_20Active.png' Format='png'>
<Size Units='Pixels' Width='119' Height='59' />
</Image>
<Image Id='232' Native='False' Path='discovery_Favs_20Button_20Inactive.png' Format='png'>
<Size Units='Pixels' Width='119' Height='59' />
</Image>
<Image Id='233' Native='False' Path='discovery_Favs_20Button_20Active.png' Format='png'>
<Size Units='Pixels' Width='119' Height='59' />
</Image>
<Image Id='234' Native='False' Path='tlc_Favs_20Button_20Inactive.png' Format='png'>
<Size Units='Pixels' Width='119' Height='59' />
</Image>
<Image Id='235' Native='False' Path='tlc_Favs_20Button_20Active.png' Format='png'>
<Size Units='Pixels' Width='119' Height='59' />
</Image>
<Image Id='236' Native='False' Path='history-channel_Favs_20Button_20Inactive.png' Format='png'>
<Size Units='Pixels' Width='119' Height='59' />
</Image>
<Image Id='237' Native='False' Path='history-channel_Favs_20Button_20Active.png' Format='png'>
<Size Units='Pixels' Width='119' Height='59' />
</Image>
<Image Id='238' Native='False' Path='fox-news-channel_Favs_20Button_20Inactive.png' Format='png'>
<Size Units='Pixels' Width='119' Height='59' />
</Image>
<Image Id='239' Native='False' Path='fox-news-channel_Favs_20Button_20Active.png' Format='png'>
<Size Units='Pixels' Width='119' Height='59' />
</Image>
<Image Id='240' Native='False' Path='travel-channel_Favs_20Button_20Inactive.png' Format='png'>
<Size Units='Pixels' Width='119' Height='59' />
</Image>
<Image Id='241' Native='False' Path='travel-channel_Favs_20Button_20Active.png' Format='png'>
<Size Units='Pixels' Width='119' Height='59' />
</Image>
<Image Id='242' Native='False' Path='hgtv_Favs_20Button_20Inactive.png' Format='png'>
<Size Units='Pixels' Width='119' Height='59' />
</Image>
<Image Id='243' Native='False' Path='hgtv_Favs_20Button_20Active.png' Format='png'>
<Size Units='Pixels' Width='119' Height='59' />
</Image>
<Image Id='244' Native='False' Path='bravo_Favs_20Button_20Inactive.png' Format='png'>
<Size Units='Pixels' Width='119' Height='59' />
</Image>
<Image Id='245' Native='False' Path='bravo_Favs_20Button_20Active.png' Format='png'>
<Size Units='Pixels' Width='119' Height='59' />
</Image>
<Image Id='246' Native='False' Path='discovery-health-channel_Favs_20Button_20Inactive.png' Format='png'>
<Size Units='Pixels' Width='119' Height='59' />
</Image>
<Image Id='247' Native='False' Path='discovery-health-channel_Favs_20Button_20Active.png' Format='png'>
<Size Units='Pixels' Width='119' Height='59' />
</Image>
<Image Id='248' Native='False' Path='science-channel_Favs_20Button_20Inactive.png' Format='png'>
<Size Units='Pixels' Width='119' Height='59' />
</Image>
<Image Id='249' Native='False' Path='science-channel_Favs_20Button_20Active.png' Format='png'>
<Size Units='Pixels' Width='119' Height='59' />
</Image>
<Image Id='250' Native='False' Path='animal-planet_Favs_20Button_20Inactive.png' Format='png'>
<Size Units='Pixels' Width='119' Height='59' />
</Image>
<Image Id='251' Native='False' Path='animal-planet_Favs_20Button_20Active.png' Format='png'>
<Size Units='Pixels' Width='119' Height='59' />
</Image>
<Image Id='252' Native='False' Path='planet-green_Favs_20Button_20Inactive.png' Format='png'>
<Size Units='Pixels' Width='119' Height='59' />
</Image>
<Image Id='253' Native='False' Path='planet-green_Favs_20Button_20Active.png' Format='png'>
<Size Units='Pixels' Width='119' Height='59' />
</Image>
<Image Id='254' Native='False' Path='national-geographic-channel_Favs_20Button_20Inactive.png' Format='png'>
<Size Units='Pixels' Width='119' Height='59' />
</Image>
<Image Id='255' Native='False' Path='national-geographic-channel_Favs_20Button_20Active.png' Format='png'>
<Size Units='Pixels' Width='119' Height='59' />
</Image>
<Image Id='256' Native='False' Path='e_Favs_20Button_20Inactive.png' Format='png'>
<Size Units='Pixels' Width='119' Height='59' />
</Image>
<Image Id='257' Native='False' Path='e_Favs_20Button_20Active.png' Format='png'>
<Size Units='Pixels' Width='119' Height='59' />
</Image>
<Image Id='258' Native='False' Path='Style_20Network_200.png' Format='png'>
<Size Units='Pixels' Width='119' Height='59' />
</Image>
<Image Id='259' Native='False' Path='Style_20Network_201.png' Format='png'>
<Size Units='Pixels' Width='119' Height='59' />
</Image>
<Image Id='260' Native='False' Path='fsn-fox-sports-net_Favs_20Button_20Inactive.png' Format='png'>
<Size Units='Pixels' Width='119' Height='59' />
</Image>
<Image Id='261' Native='False' Path='fsn-fox-sports-net_Favs_20Button_20Active.png' Format='png'>
<Size Units='Pixels' Width='119' Height='59' />
</Image>
<Image Id='262' Native='False' Path='biography-channel_Favs_20Button_20Inactive.png' Format='png'>
<Size Units='Pixels' Width='119' Height='59' />
</Image>
<Image Id='263' Native='False' Path='biography-channel_Favs_20Button_20Active.png' Format='png'>
<Size Units='Pixels' Width='119' Height='59' />
</Image>
<Image Id='264' Native='False' Path='bloomberg-television_Favs_20Button_20Inactive.png' Format='png'>
<Size Units='Pixels' Width='119' Height='59' />
</Image>
<Image Id='265' Native='False' Path='bloomberg-television_Favs_20Button_20Active.png' Format='png'>
<Size Units='Pixels' Width='119' Height='59' />
</Image>
<Image Id='266' Native='False' Path='Nat_Geo_Wild_logo_Favs_20Button_20Inactive.png' Format='png'>
<Size Units='Pixels' Width='119' Height='59' />
</Image>
<Image Id='267' Native='False' Path='Nat_Geo_Wild_logo_Favs_20Button_20Active.png' Format='png'>
<Size Units='Pixels' Width='119' Height='59' />
</Image>
<Image Id='268' Native='False' Path='msnbc_Favs_20Button_20Inactive.png' Format='png'>
<Size Units='Pixels' Width='119' Height='59' />
</Image>
<Image Id='269' Native='False' Path='msnbc_Favs_20Button_20Active.png' Format='png'>
<Size Units='Pixels' Width='119' Height='59' />
</Image>
</Resources>
</File>
