<?xml version='1.0' encoding='ISO-8859-1' ?>
<File Type='Page' Version='2.1.0'>
<Control Type='Subpage' Name='IPOD LOCAL'>
<Position Units='Pixels' X='0' Y='0' />
<Size Units='Pixels' Width='320' Height='460' />
<VisualStyles>
<VisualStyle>
<Background>
<Color  R='1' G='0.501961' B='0.501961' A='0' />
</Background>
<Image Id='25' />
</VisualStyle>
</VisualStyles>
<Control Type='Button' Name='Button'>
<Position Units='Pixels' X='14' Y='104' />
<Size Units='Pixels' Width='290' Height='250' />
<VisualStyles>
<VisualStyle State='0' Mode='0'>
<Face Type='2D'>
<Color  R='0.752941' G='0.752941' B='0.752941' A='0' />
</Face>
<Image Id='21' Alpha='1' />
<Text Id='72' FontId='4' Alignment='CenterCenter' Wrap='True'>
<Color  R='1' G='1' B='1' A='1' />
</Text>
</VisualStyle>
<VisualStyle State='1' Mode='0'>
<Face Type='2D'>
<Color  R='0.752941' G='0.752941' B='0.752941' A='0' />
</Face>
<Image Id='21' Alpha='1' />
<Text Id='72' FontId='4' Alignment='CenterCenter' Wrap='True'>
<Color  R='1' G='1' B='1' A='1' />
</Text>
</VisualStyle>
</VisualStyles>
</Control>
<Control Type='Button' Name='Button'>
<Position Units='Pixels' X='81' Y='357' />
<Size Units='Pixels' Width='158' Height='80' />
<VisualStyles>
<VisualStyle State='0' Mode='0'>
<Face Type='2D'>
<Color  R='0.752941' G='0.752941' B='0.752941' A='0' />
</Face>
<Image Id='26' Alpha='1' />
<Text Id='73' FontId='1' Alignment='CenterCenter' Wrap='False'>
<Color  R='1' G='1' B='1' A='1' />
</Text>
</VisualStyle>
<VisualStyle State='1' Mode='0'>
<Face Type='2D'>
<Color  R='0.109804' G='0' B='0' A='0' />
</Face>
<Image Id='27' Alpha='1' />
<Text Id='73' FontId='1' Alignment='CenterCenter' Wrap='False'>
<Color  R='1' G='1' B='0.776471' A='1' />
</Text>
</VisualStyle>
</VisualStyles>
<Bindings>
<Binding Id='784' Type='Digital' Property='State'/>
</Bindings>
<Commands>
<Command Action='TouchDown' Id='784' Type='Digital' Value='True' />
<Command Action='TouchUp' Id='784' Type='Digital' Value='False' />
</Commands>
</Control>
</Control>
</File>
