<?xml version='1.0' encoding='ISO-8859-1' ?>
<File Type='Page' Version='2.1.0'>
<Control Type='Page' Name='SOURCE - TIVO HER FAVS 1' Transition='0' TransitionDuration='-1'>
<Position Units='Pixels' X='0' Y='0' />
<Size Units='Pixels' Width='320' Height='460' />
<VisualStyles>
<VisualStyle>
<Background>
<Color  R='1' G='1' B='1' A='1' />
</Background>
<Image Id='1' />
</VisualStyle>
</VisualStyles>
<Bindings>
<Binding Id='98' Property='PageFlip'/>
</Bindings>
<Commands>
<Command Action='PageJoin' Id='98' Type='Digital' />
</Commands>
<Control Type='Button' Name='Button'>
<Position Units='Pixels' X='0' Y='415' />
<Size Units='Pixels' Width='104' Height='44' />
<VisualStyles>
<VisualStyle State='0' Mode='0'>
<Face Type='2D'>
<Color  R='0.109804' G='0' B='0' A='0' />
</Face>
<Image Id='4' Alpha='1' />
<Text Id='88' FontId='2' Alignment='CenterCenter' Wrap='True'>
<Color  R='1' G='1' B='1' A='1' />
</Text>
</VisualStyle>
<VisualStyle State='1' Mode='0'>
<Face Type='2D'>
<Color  R='0.109804' G='0' B='0' A='0' />
</Face>
<Image Id='5' Alpha='1' />
<Text Id='88' FontId='2' Alignment='CenterCenter' Wrap='True'>
<Color  R='1' G='1' B='0' A='1' />
</Text>
</VisualStyle>
</VisualStyles>
<Commands>
<Command Action='TouchDown' PageFlip='SOURCE - TIVO' Transition='0' TransitionDuration='-1' />
</Commands>
</Control>
<Control Type='Button' Name='Button'>
<Position Units='Pixels' X='214' Y='415' />
<Size Units='Pixels' Width='104' Height='44' />
<VisualStyles>
<VisualStyle State='0' Mode='0'>
<Face Type='2D'>
<Color  R='0.109804' G='0' B='0' A='0' />
</Face>
<Image Id='4' Alpha='1' />
<Text Id='89' FontId='2' Alignment='CenterCenter' Wrap='True'>
<Color  R='1' G='1' B='1' A='1' />
</Text>
</VisualStyle>
<VisualStyle State='1' Mode='0'>
<Face Type='2D'>
<Color  R='0.109804' G='0' B='0' A='0' />
</Face>
<Image Id='5' Alpha='1' />
<Text Id='89' FontId='2' Alignment='CenterCenter' Wrap='True'>
<Color  R='1' G='1' B='0' A='1' />
</Text>
</VisualStyle>
</VisualStyles>
<Commands>
<Command Action='TouchDown' PageFlip='SOURCE - TIVO HER FAVS 2' Transition='0' TransitionDuration='-1' />
</Commands>
</Control>
<Control Type='Button' Name='Button'>
<Position Units='Pixels' X='0' Y='0' />
<Size Units='Pixels' Width='158' Height='72' />
<VisualStyles>
<VisualStyle State='0' Mode='0'>
<Face Type='2D'>
<Color  R='0.752941' G='0.752941' B='0.752941' A='0' />
</Face>
<Image Id='220' Alpha='1' />
</VisualStyle>
<VisualStyle State='1' Mode='0'>
<Face Type='2D'>
<Color  R='0.109804' G='0' B='0' A='0' />
</Face>
<Image Id='221' Alpha='1' />
</VisualStyle>
</VisualStyles>
<Bindings>
<Binding Id='201' Type='Digital' Property='State'/>
</Bindings>
<Commands>
<Command Action='TouchDown' Id='201' Type='Digital' Value='True' />
<Command Action='TouchUp' Id='201' Type='Digital' Value='False' />
</Commands>
</Control>
<Control Type='Button' Name='Button'>
<Position Units='Pixels' X='158' Y='0' />
<Size Units='Pixels' Width='158' Height='72' />
<VisualStyles>
<VisualStyle State='0' Mode='0'>
<Face Type='2D'>
<Color  R='0.752941' G='0.752941' B='0.752941' A='0' />
</Face>
<Image Id='222' Alpha='1' />
</VisualStyle>
<VisualStyle State='1' Mode='0'>
<Face Type='2D'>
<Color  R='0.109804' G='0' B='0' A='0' />
</Face>
<Image Id='223' Alpha='1' />
</VisualStyle>
</VisualStyles>
<Bindings>
<Binding Id='202' Type='Digital' Property='State'/>
</Bindings>
<Commands>
<Command Action='TouchDown' Id='202' Type='Digital' Value='True' />
<Command Action='TouchUp' Id='202' Type='Digital' Value='False' />
</Commands>
</Control>
<Control Type='Button' Name='Button'>
<Position Units='Pixels' X='158' Y='68' />
<Size Units='Pixels' Width='158' Height='72' />
<VisualStyles>
<VisualStyle State='0' Mode='0'>
<Face Type='2D'>
<Color  R='0.752941' G='0.752941' B='0.752941' A='0' />
</Face>
<Image Id='224' Alpha='1' />
</VisualStyle>
<VisualStyle State='1' Mode='0'>
<Face Type='2D'>
<Color  R='0.109804' G='0' B='0' A='0' />
</Face>
<Image Id='225' Alpha='1' />
</VisualStyle>
</VisualStyles>
<Bindings>
<Binding Id='204' Type='Digital' Property='State'/>
</Bindings>
<Commands>
<Command Action='TouchDown' Id='204' Type='Digital' Value='True' />
<Command Action='TouchUp' Id='204' Type='Digital' Value='False' />
</Commands>
</Control>
<Control Type='Button' Name='Button'>
<Position Units='Pixels' X='0' Y='68' />
<Size Units='Pixels' Width='158' Height='72' />
<VisualStyles>
<VisualStyle State='0' Mode='0'>
<Face Type='2D'>
<Color  R='0.752941' G='0.752941' B='0.752941' A='0' />
</Face>
<Image Id='226' Alpha='1' />
</VisualStyle>
<VisualStyle State='1' Mode='0'>
<Face Type='2D'>
<Color  R='0.109804' G='0' B='0' A='0' />
</Face>
<Image Id='227' Alpha='1' />
</VisualStyle>
</VisualStyles>
<Bindings>
<Binding Id='203' Type='Digital' Property='State'/>
</Bindings>
<Commands>
<Command Action='TouchDown' Id='203' Type='Digital' Value='True' />
<Command Action='TouchUp' Id='203' Type='Digital' Value='False' />
</Commands>
</Control>
<Control Type='Button' Name='Button'>
<Position Units='Pixels' X='0' Y='137' />
<Size Units='Pixels' Width='158' Height='72' />
<VisualStyles>
<VisualStyle State='0' Mode='0'>
<Face Type='2D'>
<Color  R='0.752941' G='0.752941' B='0.752941' A='0' />
</Face>
<Image Id='228' Alpha='1' />
</VisualStyle>
<VisualStyle State='1' Mode='0'>
<Face Type='2D'>
<Color  R='0.109804' G='0' B='0' A='0' />
</Face>
<Image Id='229' Alpha='1' />
</VisualStyle>
</VisualStyles>
<Bindings>
<Binding Id='205' Type='Digital' Property='State'/>
</Bindings>
<Commands>
<Command Action='TouchDown' Id='205' Type='Digital' Value='True' />
<Command Action='TouchUp' Id='205' Type='Digital' Value='False' />
</Commands>
</Control>
<Control Type='Button' Name='Button'>
<Position Units='Pixels' X='158' Y='137' />
<Size Units='Pixels' Width='158' Height='72' />
<VisualStyles>
<VisualStyle State='0' Mode='0'>
<Face Type='2D'>
<Color  R='0.752941' G='0.752941' B='0.752941' A='0' />
</Face>
<Image Id='230' Alpha='1' />
</VisualStyle>
<VisualStyle State='1' Mode='0'>
<Face Type='2D'>
<Color  R='0.109804' G='0' B='0' A='0' />
</Face>
<Image Id='231' Alpha='1' />
</VisualStyle>
</VisualStyles>
<Bindings>
<Binding Id='206' Type='Digital' Property='State'/>
</Bindings>
<Commands>
<Command Action='TouchDown' Id='206' Type='Digital' Value='True' />
<Command Action='TouchUp' Id='206' Type='Digital' Value='False' />
</Commands>
</Control>
<Control Type='Button' Name='Button'>
<Position Units='Pixels' X='0' Y='205' />
<Size Units='Pixels' Width='158' Height='72' />
<VisualStyles>
<VisualStyle State='0' Mode='0'>
<Face Type='2D'>
<Color  R='0.752941' G='0.752941' B='0.752941' A='0' />
</Face>
<Image Id='232' Alpha='1' />
</VisualStyle>
<VisualStyle State='1' Mode='0'>
<Face Type='2D'>
<Color  R='0.109804' G='0' B='0' A='0' />
</Face>
<Image Id='233' Alpha='1' />
</VisualStyle>
</VisualStyles>
<Bindings>
<Binding Id='207' Type='Digital' Property='State'/>
</Bindings>
<Commands>
<Command Action='TouchDown' Id='207' Type='Digital' Value='True' />
<Command Action='TouchUp' Id='207' Type='Digital' Value='False' />
</Commands>
</Control>
<Control Type='Button' Name='Button'>
<Position Units='Pixels' X='158' Y='205' />
<Size Units='Pixels' Width='158' Height='72' />
<VisualStyles>
<VisualStyle State='0' Mode='0'>
<Face Type='2D'>
<Color  R='0.752941' G='0.752941' B='0.752941' A='0' />
</Face>
<Image Id='234' Alpha='1' />
</VisualStyle>
<VisualStyle State='1' Mode='0'>
<Face Type='2D'>
<Color  R='0.109804' G='0' B='0' A='0' />
</Face>
<Image Id='235' Alpha='1' />
</VisualStyle>
</VisualStyles>
<Bindings>
<Binding Id='208' Type='Digital' Property='State'/>
</Bindings>
<Commands>
<Command Action='TouchDown' Id='208' Type='Digital' Value='True' />
<Command Action='TouchUp' Id='208' Type='Digital' Value='False' />
</Commands>
</Control>
<Control Type='Button' Name='Button'>
<Position Units='Pixels' X='37' Y='351' />
<Size Units='Pixels' Width='78' Height='60' />
<VisualStyles>
<VisualStyle State='0' Mode='0'>
<Face Type='2D'>
<Color  R='0.752941' G='0.752941' B='0.752941' A='0' />
</Face>
<Image Id='8' Alpha='1' />
<Text Id='10' FontId='1' Alignment='CenterCenter' Wrap='False'>
<Color  R='1' G='1' B='1' A='1' />
</Text>
</VisualStyle>
<VisualStyle State='1' Mode='0'>
<Face Type='2D'>
<Color  R='0.109804' G='0' B='0' A='0' />
</Face>
<Image Id='9' Alpha='1' />
<Text Id='10' FontId='1' Alignment='CenterCenter' Wrap='False'>
<Color  R='1' G='1' B='0.776471' A='1' />
</Text>
</VisualStyle>
</VisualStyles>
<Bindings>
<Binding Id='8' Type='Digital' Property='State'/>
</Bindings>
<Commands>
<Command Action='TouchDown' Id='8' Type='Digital' Value='True' />
<Command Action='TouchUp' Id='8' Type='Digital' Value='False' />
</Commands>
</Control>
<Control Type='Button' Name='Button'>
<Position Units='Pixels' X='206' Y='351' />
<Size Units='Pixels' Width='78' Height='60' />
<VisualStyles>
<VisualStyle State='0' Mode='0'>
<Face Type='2D'>
<Color  R='0.752941' G='0.752941' B='0.752941' A='0' />
</Face>
<Image Id='8' Alpha='1' />
<Text Id='11' FontId='1' Alignment='CenterCenter' Wrap='False'>
<Color  R='1' G='1' B='1' A='1' />
</Text>
</VisualStyle>
<VisualStyle State='1' Mode='0'>
<Face Type='2D'>
<Color  R='0.109804' G='0' B='0' A='0' />
</Face>
<Image Id='9' Alpha='1' />
<Text Id='11' FontId='1' Alignment='CenterCenter' Wrap='False'>
<Color  R='1' G='1' B='0.776471' A='1' />
</Text>
</VisualStyle>
</VisualStyles>
<Bindings>
<Binding Id='7' Type='Digital' Property='State'/>
</Bindings>
<Commands>
<Command Action='TouchDown' Id='7' Type='Digital' Value='True' />
<Command Action='TouchUp' Id='7' Type='Digital' Value='False' />
</Commands>
</Control>
<Control Type='Button' Name='Button'>
<Position Units='Pixels' X='122' Y='351' />
<Size Units='Pixels' Width='78' Height='60' />
<VisualStyles>
<VisualStyle State='0' Mode='0'>
<Face Type='2D'>
<Color  R='0.752941' G='0.752941' B='0.752941' A='0' />
</Face>
<Image Id='8' Alpha='1' />
<Text Id='12' FontId='1' Alignment='CenterCenter' Wrap='False'>
<Color  R='1' G='1' B='1' A='1' />
</Text>
</VisualStyle>
<VisualStyle State='1' Mode='0'>
<Face Type='2D'>
<Color  R='0.109804' G='0' B='0' A='0' />
</Face>
<Image Id='9' Alpha='1' />
<Text Id='12' FontId='1' Alignment='CenterCenter' Wrap='False'>
<Color  R='1' G='1' B='0.776471' A='1' />
</Text>
</VisualStyle>
</VisualStyles>
<Bindings>
<Binding Id='9' Type='Digital' Property='State'/>
</Bindings>
<Commands>
<Command Action='TouchDown' Id='9' Type='Digital' Value='True' />
<Command Action='TouchUp' Id='9' Type='Digital' Value='False' />
</Commands>
</Control>
<Control Type='Button' Name='Button'>
<Position Units='Pixels' X='158' Y='274' />
<Size Units='Pixels' Width='158' Height='72' />
<VisualStyles>
<VisualStyle State='0' Mode='0'>
<Face Type='2D'>
<Color  R='0.752941' G='0.752941' B='0.752941' A='0' />
</Face>
<Image Id='236' Alpha='1' />
</VisualStyle>
<VisualStyle State='1' Mode='0'>
<Face Type='2D'>
<Color  R='0.109804' G='0' B='0' A='0' />
</Face>
<Image Id='237' Alpha='1' />
</VisualStyle>
</VisualStyles>
<Bindings>
<Binding Id='211' Type='Digital' Property='State'/>
</Bindings>
<Commands>
<Command Action='TouchDown' Id='211' Type='Digital' Value='True' />
<Command Action='TouchUp' Id='211' Type='Digital' Value='False' />
</Commands>
</Control>
<Control Type='Button' Name='Button'>
<Position Units='Pixels' X='0' Y='274' />
<Size Units='Pixels' Width='158' Height='72' />
<VisualStyles>
<VisualStyle State='0' Mode='0'>
<Face Type='2D'>
<Color  R='0.752941' G='0.752941' B='0.752941' A='0' />
</Face>
<Image Id='238' Alpha='1' />
</VisualStyle>
<VisualStyle State='1' Mode='0'>
<Face Type='2D'>
<Color  R='0.109804' G='0' B='0' A='0' />
</Face>
<Image Id='239' Alpha='1' />
</VisualStyle>
</VisualStyles>
<Bindings>
<Binding Id='219' Type='Digital' Property='State'/>
</Bindings>
<Commands>
<Command Action='TouchDown' Id='219' Type='Digital' Value='True' />
<Command Action='TouchUp' Id='219' Type='Digital' Value='False' />
</Commands>
</Control>
<Control Type='Button' Name='Button'>
<Position Units='Pixels' X='108' Y='415' />
<Size Units='Pixels' Width='104' Height='44' />
<VisualStyles>
<VisualStyle State='0' Mode='0'>
<Face Type='2D'>
<Color  R='0.109804' G='0' B='0' A='0' />
</Face>
<Image Id='4' Alpha='1' />
<Text Id='8' FontId='2' Alignment='CenterCenter' Wrap='True'>
<Color  R='1' G='1' B='1' A='1' />
</Text>
</VisualStyle>
<VisualStyle State='1' Mode='0'>
<Face Type='2D'>
<Color  R='0.109804' G='0' B='0' A='0' />
</Face>
<Image Id='5' Alpha='1' />
<Text Id='8' FontId='2' Alignment='CenterCenter' Wrap='True'>
<Color  R='1' G='1' B='0' A='1' />
</Text>
</VisualStyle>
</VisualStyles>
<Commands>
<Command Action='TouchDown' PageFlip='_HOME' Transition='0' TransitionDuration='-1' />
</Commands>
</Control>
</Control>
</File>
