<?xml version='1.0' encoding='ISO-8859-1' ?>
<File Type='Page' Version='2.1.0'>
<Control Type='Page' Name='SOURCE - XM KEYPAD' Transition='0' TransitionDuration='-1'>
<Position Units='Pixels' X='0' Y='0' />
<Size Units='Pixels' Width='320' Height='460' />
<VisualStyles>
<VisualStyle>
<Background>
<Color  R='1' G='1' B='1' A='1' />
</Background>
<Image Id='1' />
</VisualStyle>
</VisualStyles>
<Control Type='Button' Name='Button'>
<Position Units='Pixels' X='37' Y='18' />
<Size Units='Pixels' Width='244' Height='58' />
<VisualStyles>
<VisualStyle State='0' Mode='0'>
<Face Type='2D'>
<Color  R='0.537255' G='0.976471' B='0.266667' A='0' />
</Face>
<Image Id='211' Alpha='1' />
<Text FontId='1' Alignment='CenterCenter' Wrap='False'>
<Bindings>
<Binding Id='2100' Type='Serial' Property='Text'/>
</Bindings>
<Color  R='1' G='1' B='1' A='1' />
</Text>
</VisualStyle>
<VisualStyle State='1' Mode='0'>
<Face Type='2D'>
<Color  R='0.537255' G='0.976471' B='0.266667' A='0' />
</Face>
<Text FontId='1' Alignment='CenterCenter' Wrap='False'>
<Bindings>
<Binding Id='2100' Type='Serial' Property='Text'/>
</Bindings>
<Color  R='0' G='0' B='0' A='1' />
</Text>
</VisualStyle>
</VisualStyles>
</Control>
<Control Type='Button' Name='Button'>
<Position Units='Pixels' X='37' Y='78' />
<Size Units='Pixels' Width='84' Height='67' />
<VisualStyles>
<VisualStyle State='0' Mode='0'>
<Face Type='2D'>
<Color  R='0.752941' G='0.752941' B='0.752941' A='0' />
</Face>
<Image Id='212' Alpha='1' />
<Text Id='21' FontId='1' Alignment='CenterCenter' Wrap='True'>
<Color  R='1' G='1' B='1' A='1' />
</Text>
</VisualStyle>
<VisualStyle State='1' Mode='0'>
<Face Type='2D'>
<Color  R='0.537255' G='0.976471' B='0.266667' A='0' />
</Face>
<Image Id='213' Alpha='1' />
<Text Id='21' FontId='1' Alignment='CenterCenter' Wrap='True'>
<Color  R='1' G='1' B='0.317647' A='1' />
</Text>
</VisualStyle>
</VisualStyles>
<Bindings>
<Binding Id='1161' Type='Digital' Property='State'/>
</Bindings>
<Commands>
<Command Action='TouchDown' Id='1161' Type='Digital' Value='True' />
<Command Action='TouchUp' Id='1161' Type='Digital' Value='False' />
</Commands>
</Control>
<Control Type='Button' Name='Button'>
<Position Units='Pixels' X='118' Y='78' />
<Size Units='Pixels' Width='84' Height='67' />
<VisualStyles>
<VisualStyle State='0' Mode='0'>
<Face Type='2D'>
<Color  R='0.752941' G='0.752941' B='0.752941' A='0' />
</Face>
<Image Id='212' Alpha='1' />
<Text Id='22' FontId='1' Alignment='CenterCenter' Wrap='True'>
<Color  R='1' G='1' B='1' A='1' />
</Text>
</VisualStyle>
<VisualStyle State='1' Mode='0'>
<Face Type='2D'>
<Color  R='0.537255' G='0.976471' B='0.266667' A='0' />
</Face>
<Image Id='213' Alpha='1' />
<Text Id='22' FontId='1' Alignment='CenterCenter' Wrap='True'>
<Color  R='1' G='1' B='0.317647' A='1' />
</Text>
</VisualStyle>
</VisualStyles>
<Bindings>
<Binding Id='1162' Type='Digital' Property='State'/>
</Bindings>
<Commands>
<Command Action='TouchDown' Id='1162' Type='Digital' Value='True' />
<Command Action='TouchUp' Id='1162' Type='Digital' Value='False' />
</Commands>
</Control>
<Control Type='Button' Name='Button'>
<Position Units='Pixels' X='200' Y='78' />
<Size Units='Pixels' Width='84' Height='67' />
<VisualStyles>
<VisualStyle State='0' Mode='0'>
<Face Type='2D'>
<Color  R='0.752941' G='0.752941' B='0.752941' A='0' />
</Face>
<Image Id='212' Alpha='1' />
<Text Id='23' FontId='1' Alignment='CenterCenter' Wrap='True'>
<Color  R='1' G='1' B='1' A='1' />
</Text>
</VisualStyle>
<VisualStyle State='1' Mode='0'>
<Face Type='2D'>
<Color  R='0.537255' G='0.976471' B='0.266667' A='0' />
</Face>
<Image Id='213' Alpha='1' />
<Text Id='23' FontId='1' Alignment='CenterCenter' Wrap='True'>
<Color  R='1' G='1' B='0.317647' A='1' />
</Text>
</VisualStyle>
</VisualStyles>
<Bindings>
<Binding Id='1163' Type='Digital' Property='State'/>
</Bindings>
<Commands>
<Command Action='TouchDown' Id='1163' Type='Digital' Value='True' />
<Command Action='TouchUp' Id='1163' Type='Digital' Value='False' />
</Commands>
</Control>
<Control Type='Button' Name='Button'>
<Position Units='Pixels' X='200' Y='145' />
<Size Units='Pixels' Width='84' Height='67' />
<VisualStyles>
<VisualStyle State='0' Mode='0'>
<Face Type='2D'>
<Color  R='0.752941' G='0.752941' B='0.752941' A='0' />
</Face>
<Image Id='212' Alpha='1' />
<Text Id='40' FontId='1' Alignment='CenterCenter' Wrap='True'>
<Color  R='1' G='1' B='1' A='1' />
</Text>
</VisualStyle>
<VisualStyle State='1' Mode='0'>
<Face Type='2D'>
<Color  R='0.537255' G='0.976471' B='0.266667' A='0' />
</Face>
<Image Id='213' Alpha='1' />
<Text Id='40' FontId='1' Alignment='CenterCenter' Wrap='True'>
<Color  R='1' G='1' B='0.317647' A='1' />
</Text>
</VisualStyle>
</VisualStyles>
<Bindings>
<Binding Id='1166' Type='Digital' Property='State'/>
</Bindings>
<Commands>
<Command Action='TouchDown' Id='1166' Type='Digital' Value='True' />
<Command Action='TouchUp' Id='1166' Type='Digital' Value='False' />
</Commands>
</Control>
<Control Type='Button' Name='Button'>
<Position Units='Pixels' X='118' Y='145' />
<Size Units='Pixels' Width='84' Height='67' />
<VisualStyles>
<VisualStyle State='0' Mode='0'>
<Face Type='2D'>
<Color  R='0.752941' G='0.752941' B='0.752941' A='0' />
</Face>
<Image Id='212' Alpha='1' />
<Text Id='39' FontId='1' Alignment='CenterCenter' Wrap='True'>
<Color  R='1' G='1' B='1' A='1' />
</Text>
</VisualStyle>
<VisualStyle State='1' Mode='0'>
<Face Type='2D'>
<Color  R='0.537255' G='0.976471' B='0.266667' A='0' />
</Face>
<Image Id='213' Alpha='1' />
<Text Id='39' FontId='1' Alignment='CenterCenter' Wrap='True'>
<Color  R='1' G='1' B='0.317647' A='1' />
</Text>
</VisualStyle>
</VisualStyles>
<Bindings>
<Binding Id='1165' Type='Digital' Property='State'/>
</Bindings>
<Commands>
<Command Action='TouchDown' Id='1165' Type='Digital' Value='True' />
<Command Action='TouchUp' Id='1165' Type='Digital' Value='False' />
</Commands>
</Control>
<Control Type='Button' Name='Button'>
<Position Units='Pixels' X='37' Y='145' />
<Size Units='Pixels' Width='84' Height='67' />
<VisualStyles>
<VisualStyle State='0' Mode='0'>
<Face Type='2D'>
<Color  R='0.752941' G='0.752941' B='0.752941' A='0' />
</Face>
<Image Id='212' Alpha='1' />
<Text Id='24' FontId='1' Alignment='CenterCenter' Wrap='True'>
<Color  R='1' G='1' B='1' A='1' />
</Text>
</VisualStyle>
<VisualStyle State='1' Mode='0'>
<Face Type='2D'>
<Color  R='0.537255' G='0.976471' B='0.266667' A='0' />
</Face>
<Image Id='213' Alpha='1' />
<Text Id='24' FontId='1' Alignment='CenterCenter' Wrap='True'>
<Color  R='1' G='1' B='0.317647' A='1' />
</Text>
</VisualStyle>
</VisualStyles>
<Bindings>
<Binding Id='1164' Type='Digital' Property='State'/>
</Bindings>
<Commands>
<Command Action='TouchDown' Id='1164' Type='Digital' Value='True' />
<Command Action='TouchUp' Id='1164' Type='Digital' Value='False' />
</Commands>
</Control>
<Control Type='Button' Name='Button'>
<Position Units='Pixels' X='37' Y='212' />
<Size Units='Pixels' Width='84' Height='67' />
<VisualStyles>
<VisualStyle State='0' Mode='0'>
<Face Type='2D'>
<Color  R='0.752941' G='0.752941' B='0.752941' A='0' />
</Face>
<Image Id='212' Alpha='1' />
<Text Id='36' FontId='1' Alignment='CenterCenter' Wrap='True'>
<Color  R='1' G='1' B='1' A='1' />
</Text>
</VisualStyle>
<VisualStyle State='1' Mode='0'>
<Face Type='2D'>
<Color  R='0.537255' G='0.976471' B='0.266667' A='0' />
</Face>
<Image Id='213' Alpha='1' />
<Text Id='36' FontId='1' Alignment='CenterCenter' Wrap='True'>
<Color  R='1' G='1' B='0.317647' A='1' />
</Text>
</VisualStyle>
</VisualStyles>
<Bindings>
<Binding Id='1167' Type='Digital' Property='State'/>
</Bindings>
<Commands>
<Command Action='TouchDown' Id='1167' Type='Digital' Value='True' />
<Command Action='TouchUp' Id='1167' Type='Digital' Value='False' />
</Commands>
</Control>
<Control Type='Button' Name='Button'>
<Position Units='Pixels' X='118' Y='212' />
<Size Units='Pixels' Width='84' Height='67' />
<VisualStyles>
<VisualStyle State='0' Mode='0'>
<Face Type='2D'>
<Color  R='0.752941' G='0.752941' B='0.752941' A='0' />
</Face>
<Image Id='212' Alpha='1' />
<Text Id='38' FontId='1' Alignment='CenterCenter' Wrap='True'>
<Color  R='1' G='1' B='1' A='1' />
</Text>
</VisualStyle>
<VisualStyle State='1' Mode='0'>
<Face Type='2D'>
<Color  R='0.537255' G='0.976471' B='0.266667' A='0' />
</Face>
<Image Id='213' Alpha='1' />
<Text Id='38' FontId='1' Alignment='CenterCenter' Wrap='True'>
<Color  R='1' G='1' B='0.317647' A='1' />
</Text>
</VisualStyle>
</VisualStyles>
<Bindings>
<Binding Id='1168' Type='Digital' Property='State'/>
</Bindings>
<Commands>
<Command Action='TouchDown' Id='1168' Type='Digital' Value='True' />
<Command Action='TouchUp' Id='1168' Type='Digital' Value='False' />
</Commands>
</Control>
<Control Type='Button' Name='Button'>
<Position Units='Pixels' X='200' Y='212' />
<Size Units='Pixels' Width='84' Height='67' />
<VisualStyles>
<VisualStyle State='0' Mode='0'>
<Face Type='2D'>
<Color  R='0.752941' G='0.752941' B='0.752941' A='0' />
</Face>
<Image Id='212' Alpha='1' />
<Text Id='41' FontId='1' Alignment='CenterCenter' Wrap='True'>
<Color  R='1' G='1' B='1' A='1' />
</Text>
</VisualStyle>
<VisualStyle State='1' Mode='0'>
<Face Type='2D'>
<Color  R='0.537255' G='0.976471' B='0.266667' A='0' />
</Face>
<Image Id='213' Alpha='1' />
<Text Id='41' FontId='1' Alignment='CenterCenter' Wrap='True'>
<Color  R='1' G='1' B='0.317647' A='1' />
</Text>
</VisualStyle>
</VisualStyles>
<Bindings>
<Binding Id='1169' Type='Digital' Property='State'/>
</Bindings>
<Commands>
<Command Action='TouchDown' Id='1169' Type='Digital' Value='True' />
<Command Action='TouchUp' Id='1169' Type='Digital' Value='False' />
</Commands>
</Control>
<Control Type='Button' Name='Button'>
<Position Units='Pixels' X='200' Y='278' />
<Size Units='Pixels' Width='84' Height='67' />
<VisualStyles>
<VisualStyle State='0' Mode='0'>
<Face Type='2D'>
<Color  R='0.752941' G='0.752941' B='0.752941' A='0' />
</Face>
<Image Id='212' Alpha='1' />
<Text Id='60' FontId='1' Alignment='CenterCenter' Wrap='True'>
<Color  R='1' G='1' B='1' A='1' />
</Text>
</VisualStyle>
<VisualStyle State='1' Mode='0'>
<Face Type='2D'>
<Color  R='0.537255' G='0.976471' B='0.266667' A='0' />
</Face>
<Image Id='213' Alpha='1' />
<Text Id='60' FontId='1' Alignment='CenterCenter' Wrap='True'>
<Color  R='1' G='1' B='0.317647' A='1' />
</Text>
</VisualStyle>
</VisualStyles>
<Bindings>
<Binding Id='1171' Type='Digital' Property='State'/>
</Bindings>
<Commands>
<Command Action='TouchDown' Id='1171' Type='Digital' Value='True' />
<Command Action='TouchUp' Id='1171' Type='Digital' Value='False' />
</Commands>
</Control>
<Control Type='Button' Name='Button'>
<Position Units='Pixels' X='118' Y='278' />
<Size Units='Pixels' Width='84' Height='67' />
<VisualStyles>
<VisualStyle State='0' Mode='0'>
<Face Type='2D'>
<Color  R='0.752941' G='0.752941' B='0.752941' A='0' />
</Face>
<Image Id='212' Alpha='1' />
<Text Id='37' FontId='1' Alignment='CenterCenter' Wrap='True'>
<Color  R='1' G='1' B='1' A='1' />
</Text>
</VisualStyle>
<VisualStyle State='1' Mode='0'>
<Face Type='2D'>
<Color  R='0.537255' G='0.976471' B='0.266667' A='0' />
</Face>
<Image Id='213' Alpha='1' />
<Text Id='37' FontId='1' Alignment='CenterCenter' Wrap='True'>
<Color  R='1' G='1' B='0.317647' A='1' />
</Text>
</VisualStyle>
</VisualStyles>
<Bindings>
<Binding Id='1160' Type='Digital' Property='State'/>
</Bindings>
<Commands>
<Command Action='TouchDown' Id='1160' Type='Digital' Value='True' />
<Command Action='TouchUp' Id='1160' Type='Digital' Value='False' />
</Commands>
</Control>
<Control Type='Button' Name='Button'>
<Position Units='Pixels' X='37' Y='278' />
<Size Units='Pixels' Width='84' Height='67' />
<VisualStyles>
<VisualStyle State='0' Mode='0'>
<Face Type='2D'>
<Color  R='0.752941' G='0.752941' B='0.752941' A='0' />
</Face>
<Image Id='212' Alpha='1' />
<Text Id='61' FontId='1' Alignment='CenterCenter' Wrap='True'>
<Color  R='1' G='1' B='1' A='1' />
</Text>
</VisualStyle>
<VisualStyle State='1' Mode='0'>
<Face Type='2D'>
<Color  R='0.537255' G='0.976471' B='0.266667' A='0' />
</Face>
<Image Id='213' Alpha='1' />
<Text Id='61' FontId='1' Alignment='CenterCenter' Wrap='True'>
<Color  R='1' G='1' B='0.317647' A='1' />
</Text>
</VisualStyle>
</VisualStyles>
<Bindings>
<Binding Id='1170' Type='Digital' Property='State'/>
</Bindings>
<Commands>
<Command Action='TouchDown' Id='1170' Type='Digital' Value='True' />
<Command Action='TouchUp' Id='1170' Type='Digital' Value='False' />
</Commands>
</Control>
<Control Type='Button' Name='Button'>
<Position Units='Pixels' X='0' Y='415' />
<Size Units='Pixels' Width='104' Height='44' />
<VisualStyles>
<VisualStyle State='0' Mode='0'>
<Face Type='2D'>
<Color  R='0.109804' G='0' B='0' A='0' />
</Face>
<Image Id='4' Alpha='1' />
<Text Id='7' FontId='2' Alignment='CenterCenter' Wrap='True'>
<Color  R='1' G='1' B='1' A='1' />
</Text>
</VisualStyle>
<VisualStyle State='1' Mode='0'>
<Face Type='2D'>
<Color  R='0.109804' G='0' B='0' A='0' />
</Face>
<Image Id='5' Alpha='1' />
<Text Id='7' FontId='2' Alignment='CenterCenter' Wrap='True'>
<Color  R='1' G='1' B='0' A='1' />
</Text>
</VisualStyle>
</VisualStyles>
<Commands>
<Command Action='TouchDown' PageFlip='Return' Transition='0' TransitionDuration='-1' />
</Commands>
</Control>
<Control Type='Button' Name='Button'>
<Position Units='Pixels' X='37' Y='351' />
<Size Units='Pixels' Width='78' Height='60' />
<VisualStyles>
<VisualStyle State='0' Mode='0'>
<Face Type='2D'>
<Color  R='0.752941' G='0.752941' B='0.752941' A='0' />
</Face>
<Image Id='8' Alpha='1' />
<Text Id='10' FontId='1' Alignment='CenterCenter' Wrap='False'>
<Color  R='1' G='1' B='1' A='1' />
</Text>
</VisualStyle>
<VisualStyle State='1' Mode='0'>
<Face Type='2D'>
<Color  R='0.109804' G='0' B='0' A='0' />
</Face>
<Image Id='9' Alpha='1' />
<Text Id='10' FontId='1' Alignment='CenterCenter' Wrap='False'>
<Color  R='1' G='1' B='0.776471' A='1' />
</Text>
</VisualStyle>
</VisualStyles>
<Bindings>
<Binding Id='8' Type='Digital' Property='State'/>
</Bindings>
<Commands>
<Command Action='TouchDown' Id='8' Type='Digital' Value='True' />
<Command Action='TouchUp' Id='8' Type='Digital' Value='False' />
</Commands>
</Control>
<Control Type='Button' Name='Button'>
<Position Units='Pixels' X='206' Y='351' />
<Size Units='Pixels' Width='78' Height='60' />
<VisualStyles>
<VisualStyle State='0' Mode='0'>
<Face Type='2D'>
<Color  R='0.752941' G='0.752941' B='0.752941' A='0' />
</Face>
<Image Id='8' Alpha='1' />
<Text Id='11' FontId='1' Alignment='CenterCenter' Wrap='False'>
<Color  R='1' G='1' B='1' A='1' />
</Text>
</VisualStyle>
<VisualStyle State='1' Mode='0'>
<Face Type='2D'>
<Color  R='0.109804' G='0' B='0' A='0' />
</Face>
<Image Id='9' Alpha='1' />
<Text Id='11' FontId='1' Alignment='CenterCenter' Wrap='False'>
<Color  R='1' G='1' B='0.776471' A='1' />
</Text>
</VisualStyle>
</VisualStyles>
<Bindings>
<Binding Id='7' Type='Digital' Property='State'/>
</Bindings>
<Commands>
<Command Action='TouchDown' Id='7' Type='Digital' Value='True' />
<Command Action='TouchUp' Id='7' Type='Digital' Value='False' />
</Commands>
</Control>
<Control Type='Button' Name='Button'>
<Position Units='Pixels' X='122' Y='351' />
<Size Units='Pixels' Width='78' Height='60' />
<VisualStyles>
<VisualStyle State='0' Mode='0'>
<Face Type='2D'>
<Color  R='0.752941' G='0.752941' B='0.752941' A='0' />
</Face>
<Image Id='8' Alpha='1' />
<Text Id='12' FontId='1' Alignment='CenterCenter' Wrap='False'>
<Color  R='1' G='1' B='1' A='1' />
</Text>
</VisualStyle>
<VisualStyle State='1' Mode='0'>
<Face Type='2D'>
<Color  R='0.109804' G='0' B='0' A='0' />
</Face>
<Image Id='9' Alpha='1' />
<Text Id='12' FontId='1' Alignment='CenterCenter' Wrap='False'>
<Color  R='1' G='1' B='0.776471' A='1' />
</Text>
</VisualStyle>
</VisualStyles>
<Bindings>
<Binding Id='9' Type='Digital' Property='State'/>
</Bindings>
<Commands>
<Command Action='TouchDown' Id='9' Type='Digital' Value='True' />
<Command Action='TouchUp' Id='9' Type='Digital' Value='False' />
</Commands>
</Control>
<Control Type='Button' Name='Button'>
<Position Units='Pixels' X='108' Y='415' />
<Size Units='Pixels' Width='104' Height='44' />
<VisualStyles>
<VisualStyle State='0' Mode='0'>
<Face Type='2D'>
<Color  R='0.109804' G='0' B='0' A='0' />
</Face>
<Image Id='4' Alpha='1' />
<Text Id='8' FontId='2' Alignment='CenterCenter' Wrap='True'>
<Color  R='1' G='1' B='1' A='1' />
</Text>
</VisualStyle>
<VisualStyle State='1' Mode='0'>
<Face Type='2D'>
<Color  R='0.109804' G='0' B='0' A='0' />
</Face>
<Image Id='5' Alpha='1' />
<Text Id='8' FontId='2' Alignment='CenterCenter' Wrap='True'>
<Color  R='1' G='1' B='0' A='1' />
</Text>
</VisualStyle>
</VisualStyles>
<Commands>
<Command Action='TouchDown' PageFlip='_HOME' Transition='0' TransitionDuration='-1' />
</Commands>
</Control>
<Control Type='Subpage' Name='Subref' Reference='XM INFO'>
<Position Units='Pixels' X='0' Y='0' />
<Size Units='Pixels' Width='320' Height='460' />
<Bindings>
<Binding Id='2090' Type='Digital' Property='Visible'/>
</Bindings>
</Control>
</Control>
</File>
