<?xml version='1.0' encoding='ISO-8859-1' ?>
<File Type='Page' Version='2.1.0'>
<Control Type='Page' Name='SOURCE - BLU-RAY' Transition='0' TransitionDuration='-1'>
<Position Units='Pixels' X='0' Y='0' />
<Size Units='Pixels' Width='320' Height='460' />
<VisualStyles>
<VisualStyle>
<Background>
<Color  R='1' G='1' B='1' A='1' />
</Background>
<Image Id='1' />
</VisualStyle>
</VisualStyles>
<Control Type='Button' Name='Button'>
<Position Units='Pixels' X='26' Y='295' />
<Size Units='Pixels' Width='45' Height='49' />
<VisualStyles>
<VisualStyle State='0' Mode='0'>
<Face Type='2D'>
<Color  R='0.752941' G='0.752941' B='0.752941' A='0' />
</Face>
<Image Id='14' Alpha='1' />
</VisualStyle>
<VisualStyle State='1' Mode='0'>
<Face Type='2D'>
<Color  R='0.109804' G='0' B='0' A='0' />
</Face>
<Image Id='214' Alpha='1' />
</VisualStyle>
</VisualStyles>
<Bindings>
<Binding Id='175' Type='Digital' Property='State'/>
</Bindings>
<Commands>
<Command Action='TouchDown' Id='175' Type='Digital' Value='True' />
<Command Action='TouchUp' Id='175' Type='Digital' Value='False' />
</Commands>
</Control>
<Control Type='Button' Name='Button'>
<Position Units='Pixels' X='101' Y='295' />
<Size Units='Pixels' Width='45' Height='49' />
<VisualStyles>
<VisualStyle State='0' Mode='0'>
<Face Type='2D'>
<Color  R='0.752941' G='0.752941' B='0.752941' A='0' />
</Face>
<Image Id='215' Alpha='1' />
</VisualStyle>
<VisualStyle State='1' Mode='0'>
<Face Type='2D'>
<Color  R='0.109804' G='0' B='0' A='0' />
</Face>
<Image Id='214' Alpha='1' />
</VisualStyle>
</VisualStyles>
<Bindings>
<Binding Id='176' Type='Digital' Property='State'/>
</Bindings>
<Commands>
<Command Action='TouchDown' Id='176' Type='Digital' Value='True' />
<Command Action='TouchUp' Id='176' Type='Digital' Value='False' />
</Commands>
</Control>
<Control Type='Button' Name='Button'>
<Position Units='Pixels' X='175' Y='295' />
<Size Units='Pixels' Width='45' Height='49' />
<VisualStyles>
<VisualStyle State='0' Mode='0'>
<Face Type='2D'>
<Color  R='0.752941' G='0.752941' B='0.752941' A='0' />
</Face>
<Image Id='216' Alpha='1' />
</VisualStyle>
<VisualStyle State='1' Mode='0'>
<Face Type='2D'>
<Color  R='0.109804' G='0' B='0' A='0' />
</Face>
<Image Id='214' Alpha='1' />
</VisualStyle>
</VisualStyles>
<Bindings>
<Binding Id='178' Type='Digital' Property='State'/>
</Bindings>
<Commands>
<Command Action='TouchDown' Id='178' Type='Digital' Value='True' />
<Command Action='TouchUp' Id='178' Type='Digital' Value='False' />
</Commands>
</Control>
<Control Type='Button' Name='Button'>
<Position Units='Pixels' X='250' Y='295' />
<Size Units='Pixels' Width='45' Height='49' />
<VisualStyles>
<VisualStyle State='0' Mode='0'>
<Face Type='2D'>
<Color  R='0.752941' G='0.752941' B='0.752941' A='0' />
</Face>
<Image Id='13' Alpha='1' />
</VisualStyle>
<VisualStyle State='1' Mode='0'>
<Face Type='2D'>
<Color  R='0.109804' G='0' B='0' A='0' />
</Face>
<Image Id='214' Alpha='1' />
</VisualStyle>
</VisualStyles>
<Bindings>
<Binding Id='177' Type='Digital' Property='State'/>
</Bindings>
<Commands>
<Command Action='TouchDown' Id='177' Type='Digital' Value='True' />
<Command Action='TouchUp' Id='177' Type='Digital' Value='False' />
</Commands>
</Control>
<Control Type='Button' Name='Button'>
<Position Units='Pixels' X='0' Y='415' />
<Size Units='Pixels' Width='104' Height='44' />
<VisualStyles>
<VisualStyle State='0' Mode='0'>
<Face Type='2D'>
<Color  R='0.109804' G='0' B='0' A='0' />
</Face>
<Image Id='4' Alpha='1' />
<Text Id='7' FontId='2' Alignment='CenterCenter' Wrap='True'>
<Color  R='1' G='1' B='1' A='1' />
</Text>
</VisualStyle>
<VisualStyle State='1' Mode='0'>
<Face Type='2D'>
<Color  R='0.109804' G='0' B='0' A='0' />
</Face>
<Image Id='5' Alpha='1' />
<Text Id='7' FontId='2' Alignment='CenterCenter' Wrap='True'>
<Color  R='1' G='1' B='0' A='1' />
</Text>
</VisualStyle>
</VisualStyles>
<Commands>
<Command Action='TouchDown' PageFlip='Return' Transition='0' TransitionDuration='-1' />
</Commands>
</Control>
<Control Type='Button' Name='Text'>
<Position Units='Pixels' X='18' Y='2' />
<Size Units='Pixels' Width='284' Height='31' />
<VisualStyles>
<VisualStyle State='0' Mode='0'>
<Text FontId='6' Alignment='CenterCenter' Wrap='True'>
<Bindings>
<Binding Id='60' Type='Serial' Property='Text'/>
</Bindings>
<Color  R='1' G='1' B='1' A='1' />
</Text>
</VisualStyle>
</VisualStyles>
</Control>
<Control Type='Button' Name='Button'>
<Position Units='Pixels' X='37' Y='38' />
<Size Units='Pixels' Width='84' Height='67' />
<VisualStyles>
<VisualStyle State='0' Mode='0'>
<Face Type='2D'>
<Color  R='0.752941' G='0.752941' B='0.752941' A='0' />
</Face>
<Image Id='212' Alpha='1' />
<Text Id='62' FontId='5' Alignment='CenterCenter' Wrap='True'>
<Color  R='1' G='1' B='1' A='1' />
</Text>
</VisualStyle>
<VisualStyle State='1' Mode='0'>
<Face Type='2D'>
<Color  R='0.537255' G='0.976471' B='0.266667' A='0' />
</Face>
<Image Id='213' Alpha='1' />
<Text Id='62' FontId='5' Alignment='CenterCenter' Wrap='True'>
<Color  R='1' G='1' B='0.317647' A='1' />
</Text>
</VisualStyle>
</VisualStyles>
<Bindings>
<Binding Id='181' Type='Digital' Property='State'/>
</Bindings>
<Commands>
<Command Action='TouchDown' Id='181' Type='Digital' Value='True' />
<Command Action='TouchUp' Id='181' Type='Digital' Value='False' />
</Commands>
</Control>
<Control Type='Button' Name='Button'>
<Position Units='Pixels' X='118' Y='38' />
<Size Units='Pixels' Width='84' Height='67' />
<VisualStyles>
<VisualStyle State='0' Mode='0'>
<Face Type='2D'>
<Color  R='0.752941' G='0.752941' B='0.752941' A='0' />
</Face>
<Image Id='212' Alpha='1' />
<Text Id='34' FontId='1' Alignment='CenterCenter' Wrap='True'>
<Color  R='1' G='1' B='1' A='1' />
</Text>
</VisualStyle>
<VisualStyle State='1' Mode='0'>
<Face Type='2D'>
<Color  R='0.537255' G='0.976471' B='0.266667' A='0' />
</Face>
<Image Id='213' Alpha='1' />
<Text Id='34' FontId='1' Alignment='CenterCenter' Wrap='True'>
<Color  R='1' G='1' B='0.317647' A='1' />
</Text>
</VisualStyle>
</VisualStyles>
<Bindings>
<Binding Id='184' Type='Digital' Property='State'/>
</Bindings>
<Commands>
<Command Action='TouchDown' Id='184' Type='Digital' Value='True' />
<Command Action='TouchUp' Id='184' Type='Digital' Value='False' />
</Commands>
</Control>
<Control Type='Button' Name='Button'>
<Position Units='Pixels' X='200' Y='38' />
<Size Units='Pixels' Width='84' Height='67' />
<VisualStyles>
<VisualStyle State='0' Mode='0'>
<Face Type='2D'>
<Color  R='0.752941' G='0.752941' B='0.752941' A='0' />
</Face>
<Image Id='212' Alpha='1' />
<Text Id='63' FontId='5' Alignment='CenterCenter' Wrap='True'>
<Color  R='1' G='1' B='1' A='1' />
</Text>
</VisualStyle>
<VisualStyle State='1' Mode='0'>
<Face Type='2D'>
<Color  R='0.537255' G='0.976471' B='0.266667' A='0' />
</Face>
<Image Id='213' Alpha='1' />
<Text Id='63' FontId='5' Alignment='CenterCenter' Wrap='True'>
<Color  R='1' G='1' B='0.317647' A='1' />
</Text>
</VisualStyle>
</VisualStyles>
<Bindings>
<Binding Id='182' Type='Digital' Property='State'/>
</Bindings>
<Commands>
<Command Action='TouchDown' Id='182' Type='Digital' Value='True' />
<Command Action='TouchUp' Id='182' Type='Digital' Value='False' />
</Commands>
</Control>
<Control Type='Button' Name='Button'>
<Position Units='Pixels' X='200' Y='105' />
<Size Units='Pixels' Width='84' Height='67' />
<VisualStyles>
<VisualStyle State='0' Mode='0'>
<Face Type='2D'>
<Color  R='0.752941' G='0.752941' B='0.752941' A='0' />
</Face>
<Image Id='212' Alpha='1' />
<Text Id='64' FontId='1' Alignment='CenterCenter' Wrap='True'>
<Color  R='1' G='1' B='1' A='1' />
</Text>
</VisualStyle>
<VisualStyle State='1' Mode='0'>
<Face Type='2D'>
<Color  R='0.537255' G='0.976471' B='0.266667' A='0' />
</Face>
<Image Id='213' Alpha='1' />
<Text Id='64' FontId='1' Alignment='CenterCenter' Wrap='True'>
<Color  R='1' G='1' B='0.317647' A='1' />
</Text>
</VisualStyle>
</VisualStyles>
<Bindings>
<Binding Id='187' Type='Digital' Property='State'/>
</Bindings>
<Commands>
<Command Action='TouchDown' Id='187' Type='Digital' Value='True' />
<Command Action='TouchUp' Id='187' Type='Digital' Value='False' />
</Commands>
</Control>
<Control Type='Button' Name='Button'>
<Position Units='Pixels' X='118' Y='105' />
<Size Units='Pixels' Width='84' Height='67' />
<VisualStyles>
<VisualStyle State='0' Mode='0'>
<Face Type='2D'>
<Color  R='0.752941' G='0.752941' B='0.752941' A='0' />
</Face>
<Image Id='212' Alpha='1' />
<Text Id='65' FontId='1' Alignment='CenterCenter' Wrap='True'>
<Color  R='1' G='1' B='1' A='1' />
</Text>
</VisualStyle>
<VisualStyle State='1' Mode='0'>
<Face Type='2D'>
<Color  R='0.537255' G='0.976471' B='0.266667' A='0' />
</Face>
<Image Id='213' Alpha='1' />
<Text Id='65' FontId='1' Alignment='CenterCenter' Wrap='True'>
<Color  R='1' G='1' B='0.317647' A='1' />
</Text>
</VisualStyle>
</VisualStyles>
<Bindings>
<Binding Id='188' Type='Digital' Property='State'/>
</Bindings>
<Commands>
<Command Action='TouchDown' Id='188' Type='Digital' Value='True' />
<Command Action='TouchUp' Id='188' Type='Digital' Value='False' />
</Commands>
</Control>
<Control Type='Button' Name='Button'>
<Position Units='Pixels' X='37' Y='105' />
<Size Units='Pixels' Width='84' Height='67' />
<VisualStyles>
<VisualStyle State='0' Mode='0'>
<Face Type='2D'>
<Color  R='0.752941' G='0.752941' B='0.752941' A='0' />
</Face>
<Image Id='212' Alpha='1' />
<Text Id='66' FontId='1' Alignment='CenterCenter' Wrap='True'>
<Color  R='1' G='1' B='1' A='1' />
</Text>
</VisualStyle>
<VisualStyle State='1' Mode='0'>
<Face Type='2D'>
<Color  R='0.537255' G='0.976471' B='0.266667' A='0' />
</Face>
<Image Id='213' Alpha='1' />
<Text Id='66' FontId='1' Alignment='CenterCenter' Wrap='True'>
<Color  R='1' G='1' B='0.317647' A='1' />
</Text>
</VisualStyle>
</VisualStyles>
<Bindings>
<Binding Id='186' Type='Digital' Property='State'/>
</Bindings>
<Commands>
<Command Action='TouchDown' Id='186' Type='Digital' Value='True' />
<Command Action='TouchUp' Id='186' Type='Digital' Value='False' />
</Commands>
</Control>
<Control Type='Button' Name='Button'>
<Position Units='Pixels' X='37' Y='172' />
<Size Units='Pixels' Width='84' Height='67' />
<VisualStyles>
<VisualStyle State='0' Mode='0'>
<Face Type='2D'>
<Color  R='0.752941' G='0.752941' B='0.752941' A='0' />
</Face>
<Image Id='212' Alpha='1' />
<Text Id='67' FontId='5' Alignment='CenterCenter' Wrap='True'>
<Color  R='1' G='1' B='1' A='1' />
</Text>
</VisualStyle>
<VisualStyle State='1' Mode='0'>
<Face Type='2D'>
<Color  R='0.537255' G='0.976471' B='0.266667' A='0' />
</Face>
<Image Id='213' Alpha='1' />
<Text Id='67' FontId='5' Alignment='CenterCenter' Wrap='True'>
<Color  R='1' G='1' B='0.317647' A='1' />
</Text>
</VisualStyle>
</VisualStyles>
<Bindings>
<Binding Id='180' Type='Digital' Property='State'/>
</Bindings>
<Commands>
<Command Action='TouchDown' Id='180' Type='Digital' Value='True' />
<Command Action='TouchUp' Id='180' Type='Digital' Value='False' />
</Commands>
</Control>
<Control Type='Button' Name='Button'>
<Position Units='Pixels' X='118' Y='172' />
<Size Units='Pixels' Width='84' Height='67' />
<VisualStyles>
<VisualStyle State='0' Mode='0'>
<Face Type='2D'>
<Color  R='0.752941' G='0.752941' B='0.752941' A='0' />
</Face>
<Image Id='212' Alpha='1' />
<Text Id='35' FontId='1' Alignment='CenterCenter' Wrap='True'>
<Color  R='1' G='1' B='1' A='1' />
</Text>
</VisualStyle>
<VisualStyle State='1' Mode='0'>
<Face Type='2D'>
<Color  R='0.537255' G='0.976471' B='0.266667' A='0' />
</Face>
<Image Id='213' Alpha='1' />
<Text Id='35' FontId='1' Alignment='CenterCenter' Wrap='True'>
<Color  R='1' G='1' B='0.317647' A='1' />
</Text>
</VisualStyle>
</VisualStyles>
<Bindings>
<Binding Id='185' Type='Digital' Property='State'/>
</Bindings>
<Commands>
<Command Action='TouchDown' Id='185' Type='Digital' Value='True' />
<Command Action='TouchUp' Id='185' Type='Digital' Value='False' />
</Commands>
</Control>
<Control Type='Button' Name='Button'>
<Position Units='Pixels' X='200' Y='172' />
<Size Units='Pixels' Width='84' Height='67' />
<VisualStyles>
<VisualStyle State='0' Mode='0'>
<Face Type='2D'>
<Color  R='0.752941' G='0.752941' B='0.752941' A='0' />
</Face>
<Image Id='212' Alpha='1' />
<Text Id='68' FontId='5' Alignment='CenterCenter' Wrap='True'>
<Color  R='1' G='1' B='1' A='1' />
</Text>
</VisualStyle>
<VisualStyle State='1' Mode='0'>
<Face Type='2D'>
<Color  R='0.537255' G='0.976471' B='0.266667' A='0' />
</Face>
<Image Id='213' Alpha='1' />
<Text Id='68' FontId='5' Alignment='CenterCenter' Wrap='True'>
<Color  R='1' G='1' B='0.317647' A='1' />
</Text>
</VisualStyle>
</VisualStyles>
<Bindings>
<Binding Id='179' Type='Digital' Property='State'/>
</Bindings>
<Commands>
<Command Action='TouchDown' Id='179' Type='Digital' Value='True' />
<Command Action='TouchUp' Id='179' Type='Digital' Value='False' />
</Commands>
</Control>
<Control Type='Button' Name='Button'>
<Position Units='Pixels' X='1' Y='240' />
<Size Units='Pixels' Width='78' Height='48' />
<VisualStyles>
<VisualStyle State='0' Mode='0'>
<Face Type='2D'>
<Color  R='0.752941' G='0.752941' B='0.752941' A='0' />
</Face>
<Image Id='8' Alpha='1' />
<Text Id='69' FontId='1' Alignment='CenterCenter' Wrap='False'>
<Color  R='1' G='1' B='1' A='1' />
</Text>
</VisualStyle>
<VisualStyle State='1' Mode='0'>
<Face Type='2D'>
<Color  R='0.109804' G='0' B='0' A='0' />
</Face>
<Image Id='9' Alpha='1' />
<Text Id='69' FontId='1' Alignment='CenterCenter' Wrap='False'>
<Color  R='1' G='1' B='0.776471' A='1' />
</Text>
</VisualStyle>
</VisualStyles>
<Bindings>
<Binding Id='155' Type='Digital' Property='State'/>
</Bindings>
<Commands>
<Command Action='TouchDown' Id='155' Type='Digital' Value='True' />
<Command Action='TouchUp' Id='155' Type='Digital' Value='False' />
</Commands>
</Control>
<Control Type='Button' Name='Button'>
<Position Units='Pixels' X='81' Y='240' />
<Size Units='Pixels' Width='78' Height='48' />
<VisualStyles>
<VisualStyle State='0' Mode='0'>
<Face Type='2D'>
<Color  R='0.752941' G='0.752941' B='0.752941' A='0' />
</Face>
<Image Id='8' Alpha='1' />
<Text Id='28' FontId='1' Alignment='CenterCenter' Wrap='False'>
<Color  R='1' G='1' B='1' A='1' />
</Text>
</VisualStyle>
<VisualStyle State='1' Mode='0'>
<Face Type='2D'>
<Color  R='0.109804' G='0' B='0' A='0' />
</Face>
<Image Id='9' Alpha='1' />
<Text Id='28' FontId='1' Alignment='CenterCenter' Wrap='False'>
<Color  R='1' G='1' B='0.776471' A='1' />
</Text>
</VisualStyle>
</VisualStyles>
<Bindings>
<Binding Id='152' Type='Digital' Property='State'/>
</Bindings>
<Commands>
<Command Action='TouchDown' Id='152' Type='Digital' Value='True' />
<Command Action='TouchUp' Id='152' Type='Digital' Value='False' />
</Commands>
</Control>
<Control Type='Button' Name='Button'>
<Position Units='Pixels' X='241' Y='240' />
<Size Units='Pixels' Width='78' Height='48' />
<VisualStyles>
<VisualStyle State='0' Mode='0'>
<Face Type='2D'>
<Color  R='0.752941' G='0.752941' B='0.752941' A='0' />
</Face>
<Image Id='8' Alpha='1' />
<Text Id='70' FontId='1' Alignment='CenterCenter' Wrap='False'>
<Color  R='1' G='1' B='1' A='1' />
</Text>
</VisualStyle>
<VisualStyle State='1' Mode='0'>
<Face Type='2D'>
<Color  R='0.109804' G='0' B='0' A='0' />
</Face>
<Image Id='9' Alpha='1' />
<Text Id='70' FontId='1' Alignment='CenterCenter' Wrap='False'>
<Color  R='1' G='1' B='0.776471' A='1' />
</Text>
</VisualStyle>
</VisualStyles>
<Bindings>
<Binding Id='154' Type='Digital' Property='State'/>
</Bindings>
<Commands>
<Command Action='TouchDown' Id='154' Type='Digital' Value='True' />
<Command Action='TouchUp' Id='154' Type='Digital' Value='False' />
</Commands>
</Control>
<Control Type='Button' Name='Button'>
<Position Units='Pixels' X='161' Y='240' />
<Size Units='Pixels' Width='78' Height='48' />
<VisualStyles>
<VisualStyle State='0' Mode='0'>
<Face Type='2D'>
<Color  R='0.752941' G='0.752941' B='0.752941' A='0' />
</Face>
<Image Id='8' Alpha='1' />
<Text Id='71' FontId='1' Alignment='CenterCenter' Wrap='False'>
<Color  R='1' G='1' B='1' A='1' />
</Text>
</VisualStyle>
<VisualStyle State='1' Mode='0'>
<Face Type='2D'>
<Color  R='0.109804' G='0' B='0' A='0' />
</Face>
<Image Id='9' Alpha='1' />
<Text Id='71' FontId='1' Alignment='CenterCenter' Wrap='False'>
<Color  R='1' G='1' B='0.776471' A='1' />
</Text>
</VisualStyle>
</VisualStyles>
<Bindings>
<Binding Id='151' Type='Digital' Property='State'/>
</Bindings>
<Commands>
<Command Action='TouchDown' Id='151' Type='Digital' Value='True' />
<Command Action='TouchUp' Id='151' Type='Digital' Value='False' />
</Commands>
</Control>
<Control Type='Button' Name='Button'>
<Position Units='Pixels' X='37' Y='351' />
<Size Units='Pixels' Width='78' Height='60' />
<VisualStyles>
<VisualStyle State='0' Mode='0'>
<Face Type='2D'>
<Color  R='0.752941' G='0.752941' B='0.752941' A='0' />
</Face>
<Image Id='8' Alpha='1' />
<Text Id='10' FontId='1' Alignment='CenterCenter' Wrap='False'>
<Color  R='1' G='1' B='1' A='1' />
</Text>
</VisualStyle>
<VisualStyle State='1' Mode='0'>
<Face Type='2D'>
<Color  R='0.109804' G='0' B='0' A='0' />
</Face>
<Image Id='9' Alpha='1' />
<Text Id='10' FontId='1' Alignment='CenterCenter' Wrap='False'>
<Color  R='1' G='1' B='0.776471' A='1' />
</Text>
</VisualStyle>
</VisualStyles>
<Bindings>
<Binding Id='8' Type='Digital' Property='State'/>
</Bindings>
<Commands>
<Command Action='TouchDown' Id='8' Type='Digital' Value='True' />
<Command Action='TouchUp' Id='8' Type='Digital' Value='False' />
</Commands>
</Control>
<Control Type='Button' Name='Button'>
<Position Units='Pixels' X='206' Y='351' />
<Size Units='Pixels' Width='78' Height='60' />
<VisualStyles>
<VisualStyle State='0' Mode='0'>
<Face Type='2D'>
<Color  R='0.752941' G='0.752941' B='0.752941' A='0' />
</Face>
<Image Id='8' Alpha='1' />
<Text Id='11' FontId='1' Alignment='CenterCenter' Wrap='False'>
<Color  R='1' G='1' B='1' A='1' />
</Text>
</VisualStyle>
<VisualStyle State='1' Mode='0'>
<Face Type='2D'>
<Color  R='0.109804' G='0' B='0' A='0' />
</Face>
<Image Id='9' Alpha='1' />
<Text Id='11' FontId='1' Alignment='CenterCenter' Wrap='False'>
<Color  R='1' G='1' B='0.776471' A='1' />
</Text>
</VisualStyle>
</VisualStyles>
<Bindings>
<Binding Id='7' Type='Digital' Property='State'/>
</Bindings>
<Commands>
<Command Action='TouchDown' Id='7' Type='Digital' Value='True' />
<Command Action='TouchUp' Id='7' Type='Digital' Value='False' />
</Commands>
</Control>
<Control Type='Button' Name='Button'>
<Position Units='Pixels' X='122' Y='351' />
<Size Units='Pixels' Width='78' Height='60' />
<VisualStyles>
<VisualStyle State='0' Mode='0'>
<Face Type='2D'>
<Color  R='0.752941' G='0.752941' B='0.752941' A='0' />
</Face>
<Image Id='8' Alpha='1' />
<Text Id='12' FontId='1' Alignment='CenterCenter' Wrap='False'>
<Color  R='1' G='1' B='1' A='1' />
</Text>
</VisualStyle>
<VisualStyle State='1' Mode='0'>
<Face Type='2D'>
<Color  R='0.109804' G='0' B='0' A='0' />
</Face>
<Image Id='9' Alpha='1' />
<Text Id='12' FontId='1' Alignment='CenterCenter' Wrap='False'>
<Color  R='1' G='1' B='0.776471' A='1' />
</Text>
</VisualStyle>
</VisualStyles>
<Bindings>
<Binding Id='9' Type='Digital' Property='State'/>
</Bindings>
<Commands>
<Command Action='TouchDown' Id='9' Type='Digital' Value='True' />
<Command Action='TouchUp' Id='9' Type='Digital' Value='False' />
</Commands>
</Control>
<Control Type='Button' Name='Button'>
<Position Units='Pixels' X='108' Y='415' />
<Size Units='Pixels' Width='104' Height='44' />
<VisualStyles>
<VisualStyle State='0' Mode='0'>
<Face Type='2D'>
<Color  R='0.109804' G='0' B='0' A='0' />
</Face>
<Image Id='4' Alpha='1' />
<Text Id='8' FontId='2' Alignment='CenterCenter' Wrap='True'>
<Color  R='1' G='1' B='1' A='1' />
</Text>
</VisualStyle>
<VisualStyle State='1' Mode='0'>
<Face Type='2D'>
<Color  R='0.109804' G='0' B='0' A='0' />
</Face>
<Image Id='5' Alpha='1' />
<Text Id='8' FontId='2' Alignment='CenterCenter' Wrap='True'>
<Color  R='1' G='1' B='0' A='1' />
</Text>
</VisualStyle>
</VisualStyles>
<Commands>
<Command Action='TouchDown' PageFlip='_HOME' Transition='0' TransitionDuration='-1' />
</Commands>
</Control>
</Control>
</File>
