<?xml version='1.0' encoding='ISO-8859-1' ?>
<File Type='Page' Version='2.1.0'>
<Control Type='Page' Name='SOURCE - TIVO' Transition='0' TransitionDuration='-1'>
<Position Units='Pixels' X='0' Y='0' />
<Size Units='Pixels' Width='320' Height='460' />
<VisualStyles>
<VisualStyle>
<Background>
<Color  R='1' G='1' B='1' A='1' />
</Background>
<Image Id='1' />
</VisualStyle>
</VisualStyles>
<Control Type='Button' Name='Button'>
<Position Units='Pixels' X='0' Y='174' />
<Size Units='Pixels' Width='105' Height='48' />
<VisualStyles>
<VisualStyle State='0' Mode='0'>
<Face Type='2D'>
<Color  R='0.752941' G='0.752941' B='0.752941' A='0' />
</Face>
<Image Id='11' Alpha='1' />
<Text Id='21' FontId='1' Alignment='CenterCenter' Wrap='False'>
<Color  R='1' G='1' B='1' A='1' />
</Text>
</VisualStyle>
<VisualStyle State='1' Mode='0'>
<Face Type='2D'>
<Color  R='0.109804' G='0' B='0' A='0' />
</Face>
<Image Id='12' Alpha='1' />
<Text Id='21' FontId='1' Alignment='CenterCenter' Wrap='False'>
<Color  R='1' G='1' B='0.776471' A='1' />
</Text>
</VisualStyle>
</VisualStyles>
<Bindings>
<Binding Id='101' Type='Digital' Property='State'/>
</Bindings>
<Commands>
<Command Action='TouchDown' Id='101' Type='Digital' Value='True' />
<Command Action='TouchUp' Id='101' Type='Digital' Value='False' />
</Commands>
</Control>
<Control Type='Button' Name='Button'>
<Position Units='Pixels' X='0' Y='223' />
<Size Units='Pixels' Width='105' Height='48' />
<VisualStyles>
<VisualStyle State='0' Mode='0'>
<Face Type='2D'>
<Color  R='0.752941' G='0.752941' B='0.752941' A='0' />
</Face>
<Image Id='11' Alpha='1' />
<Text Id='24' FontId='1' Alignment='CenterCenter' Wrap='False'>
<Color  R='1' G='1' B='1' A='1' />
</Text>
</VisualStyle>
<VisualStyle State='1' Mode='0'>
<Face Type='2D'>
<Color  R='0.109804' G='0' B='0' A='0' />
</Face>
<Image Id='12' Alpha='1' />
<Text Id='24' FontId='1' Alignment='CenterCenter' Wrap='False'>
<Color  R='1' G='1' B='0.776471' A='1' />
</Text>
</VisualStyle>
</VisualStyles>
<Bindings>
<Binding Id='104' Type='Digital' Property='State'/>
</Bindings>
<Commands>
<Command Action='TouchDown' Id='104' Type='Digital' Value='True' />
<Command Action='TouchUp' Id='104' Type='Digital' Value='False' />
</Commands>
</Control>
<Control Type='Button' Name='Button'>
<Position Units='Pixels' X='0' Y='271' />
<Size Units='Pixels' Width='105' Height='48' />
<VisualStyles>
<VisualStyle State='0' Mode='0'>
<Face Type='2D'>
<Color  R='0.752941' G='0.752941' B='0.752941' A='0' />
</Face>
<Image Id='11' Alpha='1' />
<Text Id='36' FontId='1' Alignment='CenterCenter' Wrap='False'>
<Color  R='1' G='1' B='1' A='1' />
</Text>
</VisualStyle>
<VisualStyle State='1' Mode='0'>
<Face Type='2D'>
<Color  R='0.109804' G='0' B='0' A='0' />
</Face>
<Image Id='12' Alpha='1' />
<Text Id='36' FontId='1' Alignment='CenterCenter' Wrap='False'>
<Color  R='1' G='1' B='0.776471' A='1' />
</Text>
</VisualStyle>
</VisualStyles>
<Bindings>
<Binding Id='107' Type='Digital' Property='State'/>
</Bindings>
<Commands>
<Command Action='TouchDown' Id='107' Type='Digital' Value='True' />
<Command Action='TouchUp' Id='107' Type='Digital' Value='False' />
</Commands>
</Control>
<Control Type='Button' Name='Button'>
<Position Units='Pixels' X='106' Y='320' />
<Size Units='Pixels' Width='105' Height='48' />
<VisualStyles>
<VisualStyle State='0' Mode='0'>
<Face Type='2D'>
<Color  R='0.752941' G='0.752941' B='0.752941' A='0' />
</Face>
<Image Id='11' Alpha='1' />
<Text Id='37' FontId='1' Alignment='CenterCenter' Wrap='False'>
<Color  R='1' G='1' B='1' A='1' />
</Text>
</VisualStyle>
<VisualStyle State='1' Mode='0'>
<Face Type='2D'>
<Color  R='0.109804' G='0' B='0' A='0' />
</Face>
<Image Id='12' Alpha='1' />
<Text Id='37' FontId='1' Alignment='CenterCenter' Wrap='False'>
<Color  R='1' G='1' B='0.776471' A='1' />
</Text>
</VisualStyle>
</VisualStyles>
<Bindings>
<Binding Id='100' Type='Digital' Property='State'/>
</Bindings>
<Commands>
<Command Action='TouchDown' Id='100' Type='Digital' Value='True' />
<Command Action='TouchUp' Id='100' Type='Digital' Value='False' />
</Commands>
</Control>
<Control Type='Button' Name='Button'>
<Position Units='Pixels' X='106' Y='271' />
<Size Units='Pixels' Width='105' Height='48' />
<VisualStyles>
<VisualStyle State='0' Mode='0'>
<Face Type='2D'>
<Color  R='0.752941' G='0.752941' B='0.752941' A='0' />
</Face>
<Image Id='11' Alpha='1' />
<Text Id='38' FontId='1' Alignment='CenterCenter' Wrap='False'>
<Color  R='1' G='1' B='1' A='1' />
</Text>
</VisualStyle>
<VisualStyle State='1' Mode='0'>
<Face Type='2D'>
<Color  R='0.109804' G='0' B='0' A='0' />
</Face>
<Image Id='12' Alpha='1' />
<Text Id='38' FontId='1' Alignment='CenterCenter' Wrap='False'>
<Color  R='1' G='1' B='0.776471' A='1' />
</Text>
</VisualStyle>
</VisualStyles>
<Bindings>
<Binding Id='108' Type='Digital' Property='State'/>
</Bindings>
<Commands>
<Command Action='TouchDown' Id='108' Type='Digital' Value='True' />
<Command Action='TouchUp' Id='108' Type='Digital' Value='False' />
</Commands>
</Control>
<Control Type='Button' Name='Button'>
<Position Units='Pixels' X='106' Y='223' />
<Size Units='Pixels' Width='105' Height='48' />
<VisualStyles>
<VisualStyle State='0' Mode='0'>
<Face Type='2D'>
<Color  R='0.752941' G='0.752941' B='0.752941' A='0' />
</Face>
<Image Id='11' Alpha='1' />
<Text Id='39' FontId='1' Alignment='CenterCenter' Wrap='False'>
<Color  R='1' G='1' B='1' A='1' />
</Text>
</VisualStyle>
<VisualStyle State='1' Mode='0'>
<Face Type='2D'>
<Color  R='0.109804' G='0' B='0' A='0' />
</Face>
<Image Id='12' Alpha='1' />
<Text Id='39' FontId='1' Alignment='CenterCenter' Wrap='False'>
<Color  R='1' G='1' B='0.776471' A='1' />
</Text>
</VisualStyle>
</VisualStyles>
<Bindings>
<Binding Id='105' Type='Digital' Property='State'/>
</Bindings>
<Commands>
<Command Action='TouchDown' Id='105' Type='Digital' Value='True' />
<Command Action='TouchUp' Id='105' Type='Digital' Value='False' />
</Commands>
</Control>
<Control Type='Button' Name='Button'>
<Position Units='Pixels' X='106' Y='174' />
<Size Units='Pixels' Width='105' Height='48' />
<VisualStyles>
<VisualStyle State='0' Mode='0'>
<Face Type='2D'>
<Color  R='0.752941' G='0.752941' B='0.752941' A='0' />
</Face>
<Image Id='11' Alpha='1' />
<Text Id='22' FontId='1' Alignment='CenterCenter' Wrap='False'>
<Color  R='1' G='1' B='1' A='1' />
</Text>
</VisualStyle>
<VisualStyle State='1' Mode='0'>
<Face Type='2D'>
<Color  R='0.109804' G='0' B='0' A='0' />
</Face>
<Image Id='12' Alpha='1' />
<Text Id='22' FontId='1' Alignment='CenterCenter' Wrap='False'>
<Color  R='1' G='1' B='0.776471' A='1' />
</Text>
</VisualStyle>
</VisualStyles>
<Bindings>
<Binding Id='102' Type='Digital' Property='State'/>
</Bindings>
<Commands>
<Command Action='TouchDown' Id='102' Type='Digital' Value='True' />
<Command Action='TouchUp' Id='102' Type='Digital' Value='False' />
</Commands>
</Control>
<Control Type='Button' Name='Button'>
<Position Units='Pixels' X='213' Y='174' />
<Size Units='Pixels' Width='105' Height='48' />
<VisualStyles>
<VisualStyle State='0' Mode='0'>
<Face Type='2D'>
<Color  R='0.752941' G='0.752941' B='0.752941' A='0' />
</Face>
<Image Id='11' Alpha='1' />
<Text Id='23' FontId='1' Alignment='CenterCenter' Wrap='False'>
<Color  R='1' G='1' B='1' A='1' />
</Text>
</VisualStyle>
<VisualStyle State='1' Mode='0'>
<Face Type='2D'>
<Color  R='0.109804' G='0' B='0' A='0' />
</Face>
<Image Id='12' Alpha='1' />
<Text Id='23' FontId='1' Alignment='CenterCenter' Wrap='False'>
<Color  R='1' G='1' B='0.776471' A='1' />
</Text>
</VisualStyle>
</VisualStyles>
<Bindings>
<Binding Id='103' Type='Digital' Property='State'/>
</Bindings>
<Commands>
<Command Action='TouchDown' Id='103' Type='Digital' Value='True' />
<Command Action='TouchUp' Id='103' Type='Digital' Value='False' />
</Commands>
</Control>
<Control Type='Button' Name='Button'>
<Position Units='Pixels' X='213' Y='223' />
<Size Units='Pixels' Width='105' Height='48' />
<VisualStyles>
<VisualStyle State='0' Mode='0'>
<Face Type='2D'>
<Color  R='0.752941' G='0.752941' B='0.752941' A='0' />
</Face>
<Image Id='11' Alpha='1' />
<Text Id='40' FontId='1' Alignment='CenterCenter' Wrap='False'>
<Color  R='1' G='1' B='1' A='1' />
</Text>
</VisualStyle>
<VisualStyle State='1' Mode='0'>
<Face Type='2D'>
<Color  R='0.109804' G='0' B='0' A='0' />
</Face>
<Image Id='12' Alpha='1' />
<Text Id='40' FontId='1' Alignment='CenterCenter' Wrap='False'>
<Color  R='1' G='1' B='0.776471' A='1' />
</Text>
</VisualStyle>
</VisualStyles>
<Bindings>
<Binding Id='106' Type='Digital' Property='State'/>
</Bindings>
<Commands>
<Command Action='TouchDown' Id='106' Type='Digital' Value='True' />
<Command Action='TouchUp' Id='106' Type='Digital' Value='False' />
</Commands>
</Control>
<Control Type='Button' Name='Button'>
<Position Units='Pixels' X='213' Y='271' />
<Size Units='Pixels' Width='105' Height='48' />
<VisualStyles>
<VisualStyle State='0' Mode='0'>
<Face Type='2D'>
<Color  R='0.752941' G='0.752941' B='0.752941' A='0' />
</Face>
<Image Id='11' Alpha='1' />
<Text Id='41' FontId='1' Alignment='CenterCenter' Wrap='False'>
<Color  R='1' G='1' B='1' A='1' />
</Text>
</VisualStyle>
<VisualStyle State='1' Mode='0'>
<Face Type='2D'>
<Color  R='0.109804' G='0' B='0' A='0' />
</Face>
<Image Id='12' Alpha='1' />
<Text Id='41' FontId='1' Alignment='CenterCenter' Wrap='False'>
<Color  R='1' G='1' B='0.776471' A='1' />
</Text>
</VisualStyle>
</VisualStyles>
<Bindings>
<Binding Id='109' Type='Digital' Property='State'/>
</Bindings>
<Commands>
<Command Action='TouchDown' Id='109' Type='Digital' Value='True' />
<Command Action='TouchUp' Id='109' Type='Digital' Value='False' />
</Commands>
</Control>
<Control Type='Button' Name='Button'>
<Position Units='Pixels' X='213' Y='320' />
<Size Units='Pixels' Width='105' Height='48' />
<VisualStyles>
<VisualStyle State='0' Mode='0'>
<Face Type='2D'>
<Color  R='0.752941' G='0.752941' B='0.752941' A='0' />
</Face>
<Image Id='11' Alpha='1' />
<Text Id='42' FontId='6' Alignment='CenterCenter' Wrap='False'>
<Color  R='1' G='1' B='1' A='1' />
</Text>
</VisualStyle>
<VisualStyle State='1' Mode='0'>
<Face Type='2D'>
<Color  R='0.109804' G='0' B='0' A='0' />
</Face>
<Image Id='12' Alpha='1' />
<Text Id='42' FontId='6' Alignment='CenterCenter' Wrap='False'>
<Color  R='1' G='1' B='0.776471' A='1' />
</Text>
</VisualStyle>
</VisualStyles>
<Bindings>
<Binding Id='111' Type='Digital' Property='State'/>
</Bindings>
<Commands>
<Command Action='TouchDown' Id='111' Type='Digital' Value='True' />
<Command Action='TouchUp' Id='111' Type='Digital' Value='False' />
</Commands>
</Control>
<Control Type='Button' Name='Button'>
<Position Units='Pixels' X='108' Y='415' />
<Size Units='Pixels' Width='104' Height='44' />
<VisualStyles>
<VisualStyle State='0' Mode='0'>
<Face Type='2D'>
<Color  R='0.109804' G='0' B='0' A='0' />
</Face>
<Image Id='4' Alpha='1' />
<Text Id='43' FontId='2' Alignment='CenterCenter' Wrap='True'>
<Color  R='1' G='1' B='1' A='1' />
</Text>
</VisualStyle>
<VisualStyle State='1' Mode='0'>
<Face Type='2D'>
<Color  R='0.109804' G='0' B='0' A='0' />
</Face>
<Image Id='5' Alpha='1' />
<Text Id='43' FontId='2' Alignment='CenterCenter' Wrap='True'>
<Color  R='1' G='1' B='0' A='1' />
</Text>
</VisualStyle>
</VisualStyles>
<Bindings>
<Binding Id='99' Type='Digital' Property='State'/>
</Bindings>
<Commands>
<Command Action='TouchDown' Id='99' Type='Digital' Value='True' />
<Command Action='TouchUp' Id='99' Type='Digital' Value='False' />
</Commands>
</Control>
<Control Type='Button' Name='Button'>
<Position Units='Pixels' X='214' Y='415' />
<Size Units='Pixels' Width='104' Height='44' />
<VisualStyles>
<VisualStyle State='0' Mode='0'>
<Face Type='2D'>
<Color  R='0.109804' G='0' B='0' A='0' />
</Face>
<Image Id='4' Alpha='1' />
<Text Id='44' FontId='2' Alignment='CenterCenter' Wrap='True'>
<Color  R='1' G='1' B='1' A='1' />
</Text>
</VisualStyle>
<VisualStyle State='1' Mode='0'>
<Face Type='2D'>
<Color  R='0.109804' G='0' B='0' A='0' />
</Face>
<Image Id='5' Alpha='1' />
<Text Id='44' FontId='2' Alignment='CenterCenter' Wrap='True'>
<Color  R='1' G='1' B='0' A='1' />
</Text>
</VisualStyle>
</VisualStyles>
<Bindings>
<Binding Id='124' Type='Digital' Property='State'/>
</Bindings>
<Commands>
<Command Action='TouchDown' Id='124' Type='Digital' Value='True' />
<Command Action='TouchUp' Id='124' Type='Digital' Value='False' />
</Commands>
</Control>
<Control Type='Button' Name='Button'>
<Position Units='Pixels' X='0' Y='415' />
<Size Units='Pixels' Width='104' Height='44' />
<VisualStyles>
<VisualStyle State='0' Mode='0'>
<Face Type='2D'>
<Color  R='0.109804' G='0' B='0' A='0' />
</Face>
<Image Id='4' Alpha='1' />
<Text Id='7' FontId='2' Alignment='CenterCenter' Wrap='True'>
<Color  R='1' G='1' B='1' A='1' />
</Text>
</VisualStyle>
<VisualStyle State='1' Mode='0'>
<Face Type='2D'>
<Color  R='0.109804' G='0' B='0' A='0' />
</Face>
<Image Id='5' Alpha='1' />
<Text Id='7' FontId='2' Alignment='CenterCenter' Wrap='True'>
<Color  R='1' G='1' B='0' A='1' />
</Text>
</VisualStyle>
</VisualStyles>
<Commands>
<Command Action='TouchDown' PageFlip='_VIDEO' Transition='0' TransitionDuration='-1' />
</Commands>
</Control>
<Control Type='Button' Name='Text'>
<Position Units='Pixels' X='18' Y='2' />
<Size Units='Pixels' Width='284' Height='23' />
<VisualStyles>
<VisualStyle State='0' Mode='0'>
<Text FontId='6' Alignment='CenterCenter' Wrap='True'>
<Bindings>
<Binding Id='60' Type='Serial' Property='Text'/>
</Bindings>
<Color  R='1' G='1' B='1' A='1' />
</Text>
</VisualStyle>
</VisualStyles>
</Control>
<Control Type='Button' Name='Button'>
<Position Units='Pixels' X='37' Y='369' />
<Size Units='Pixels' Width='78' Height='44' />
<VisualStyles>
<VisualStyle State='0' Mode='0'>
<Face Type='2D'>
<Color  R='0.752941' G='0.752941' B='0.752941' A='0' />
</Face>
<Image Id='8' Alpha='1' />
<Text Id='10' FontId='1' Alignment='CenterCenter' Wrap='False'>
<Color  R='1' G='1' B='1' A='1' />
</Text>
</VisualStyle>
<VisualStyle State='1' Mode='0'>
<Face Type='2D'>
<Color  R='0.109804' G='0' B='0' A='0' />
</Face>
<Image Id='9' Alpha='1' />
<Text Id='10' FontId='1' Alignment='CenterCenter' Wrap='False'>
<Color  R='1' G='1' B='0.776471' A='1' />
</Text>
</VisualStyle>
</VisualStyles>
<Bindings>
<Binding Id='8' Type='Digital' Property='State'/>
</Bindings>
<Commands>
<Command Action='TouchDown' Id='8' Type='Digital' Value='True' />
<Command Action='TouchUp' Id='8' Type='Digital' Value='False' />
</Commands>
</Control>
<Control Type='Button' Name='Button'>
<Position Units='Pixels' X='206' Y='369' />
<Size Units='Pixels' Width='78' Height='44' />
<VisualStyles>
<VisualStyle State='0' Mode='0'>
<Face Type='2D'>
<Color  R='0.752941' G='0.752941' B='0.752941' A='0' />
</Face>
<Image Id='8' Alpha='1' />
<Text Id='11' FontId='1' Alignment='CenterCenter' Wrap='False'>
<Color  R='1' G='1' B='1' A='1' />
</Text>
</VisualStyle>
<VisualStyle State='1' Mode='0'>
<Face Type='2D'>
<Color  R='0.109804' G='0' B='0' A='0' />
</Face>
<Image Id='9' Alpha='1' />
<Text Id='11' FontId='1' Alignment='CenterCenter' Wrap='False'>
<Color  R='1' G='1' B='0.776471' A='1' />
</Text>
</VisualStyle>
</VisualStyles>
<Bindings>
<Binding Id='7' Type='Digital' Property='State'/>
</Bindings>
<Commands>
<Command Action='TouchDown' Id='7' Type='Digital' Value='True' />
<Command Action='TouchUp' Id='7' Type='Digital' Value='False' />
</Commands>
</Control>
<Control Type='Button' Name='Button'>
<Position Units='Pixels' X='122' Y='369' />
<Size Units='Pixels' Width='78' Height='44' />
<VisualStyles>
<VisualStyle State='0' Mode='0'>
<Face Type='2D'>
<Color  R='0.752941' G='0.752941' B='0.752941' A='0' />
</Face>
<Image Id='8' Alpha='1' />
<Text Id='12' FontId='1' Alignment='CenterCenter' Wrap='False'>
<Color  R='1' G='1' B='1' A='1' />
</Text>
</VisualStyle>
<VisualStyle State='1' Mode='0'>
<Face Type='2D'>
<Color  R='0.109804' G='0' B='0' A='0' />
</Face>
<Image Id='9' Alpha='1' />
<Text Id='12' FontId='1' Alignment='CenterCenter' Wrap='False'>
<Color  R='1' G='1' B='0.776471' A='1' />
</Text>
</VisualStyle>
</VisualStyles>
<Bindings>
<Binding Id='9' Type='Digital' Property='State'/>
</Bindings>
<Commands>
<Command Action='TouchDown' Id='9' Type='Digital' Value='True' />
<Command Action='TouchUp' Id='9' Type='Digital' Value='False' />
</Commands>
</Control>
<Control Type='Button' Name='Button'>
<Position Units='Pixels' X='0' Y='320' />
<Size Units='Pixels' Width='105' Height='48' />
<VisualStyles>
<VisualStyle State='0' Mode='0'>
<Face Type='2D'>
<Color  R='0.752941' G='0.752941' B='0.752941' A='0' />
</Face>
<Image Id='11' Alpha='1' />
<Text Id='45' FontId='6' Alignment='CenterCenter' Wrap='False'>
<Color  R='1' G='1' B='1' A='1' />
</Text>
</VisualStyle>
<VisualStyle State='1' Mode='0'>
<Face Type='2D'>
<Color  R='0.109804' G='0' B='0' A='0' />
</Face>
<Image Id='12' Alpha='1' />
<Text Id='45' FontId='6' Alignment='CenterCenter' Wrap='False'>
<Color  R='1' G='1' B='0.776471' A='1' />
</Text>
</VisualStyle>
</VisualStyles>
<Bindings>
<Binding Id='110' Type='Digital' Property='State'/>
</Bindings>
<Commands>
<Command Action='TouchDown' Id='110' Type='Digital' Value='True' />
<Command Action='TouchUp' Id='110' Type='Digital' Value='False' />
</Commands>
</Control>
<Control Type='Button' Name='Button'>
<Position Units='Pixels' X='0' Y='77' />
<Size Units='Pixels' Width='105' Height='48' />
<VisualStyles>
<VisualStyle State='0' Mode='0'>
<Face Type='2D'>
<Color  R='0.752941' G='0.752941' B='0.752941' A='0' />
</Face>
<Image Id='11' Alpha='1' />
<Text Id='46' FontId='10' Alignment='CenterCenter' Wrap='False'>
<Color  R='1' G='1' B='1' A='1' />
</Text>
</VisualStyle>
<VisualStyle State='1' Mode='0'>
<Face Type='2D'>
<Color  R='0.109804' G='0' B='0' A='0' />
</Face>
<Image Id='12' Alpha='1' />
<Text Id='46' FontId='10' Alignment='CenterCenter' Wrap='False'>
<Color  R='1' G='1' B='0.776471' A='1' />
</Text>
</VisualStyle>
</VisualStyles>
<Bindings>
<Binding Id='120' Type='Digital' Property='State'/>
</Bindings>
<Commands>
<Command Action='TouchDown' Id='120' Type='Digital' Value='True' />
<Command Action='TouchUp' Id='120' Type='Digital' Value='False' />
</Commands>
</Control>
<Control Type='Button' Name='Button'>
<Position Units='Pixels' X='106' Y='125' />
<Size Units='Pixels' Width='105' Height='48' />
<VisualStyles>
<VisualStyle State='0' Mode='0'>
<Face Type='2D'>
<Color  R='0.752941' G='0.752941' B='0.752941' A='0' />
</Face>
<Image Id='11' Alpha='1' />
<Text Id='47' FontId='10' Alignment='CenterCenter' Wrap='False'>
<Color  R='1' G='1' B='1' A='1' />
</Text>
</VisualStyle>
<VisualStyle State='1' Mode='0'>
<Face Type='2D'>
<Color  R='0.109804' G='0' B='0' A='0' />
</Face>
<Image Id='12' Alpha='1' />
<Text Id='47' FontId='10' Alignment='CenterCenter' Wrap='False'>
<Color  R='1' G='1' B='0.776471' A='1' />
</Text>
</VisualStyle>
</VisualStyles>
<Bindings>
<Binding Id='119' Type='Digital' Property='State'/>
</Bindings>
<Commands>
<Command Action='TouchDown' Id='119' Type='Digital' Value='True' />
<Command Action='TouchUp' Id='119' Type='Digital' Value='False' />
</Commands>
</Control>
<Control Type='Button' Name='Button'>
<Position Units='Pixels' X='106' Y='77' />
<Size Units='Pixels' Width='105' Height='48' />
<VisualStyles>
<VisualStyle State='0' Mode='0'>
<Face Type='2D'>
<Color  R='0.752941' G='0.752941' B='0.752941' A='0' />
</Face>
<Image Id='11' Alpha='1' />
<Text Id='24' FontId='11' Alignment='CenterCenter' Wrap='False'>
<Color  R='1' G='1' B='1' A='1' />
</Text>
</VisualStyle>
<VisualStyle State='1' Mode='0'>
<Face Type='2D'>
<Color  R='0.109804' G='0' B='0' A='0' />
</Face>
<Image Id='12' Alpha='1' />
<Text Id='24' FontId='11' Alignment='CenterCenter' Wrap='False'>
<Color  R='1' G='1' B='0.776471' A='1' />
</Text>
</VisualStyle>
</VisualStyles>
<Bindings>
<Binding Id='117' Type='Digital' Property='State'/>
</Bindings>
<Commands>
<Command Action='TouchDown' Id='117' Type='Digital' Value='True' />
<Command Action='TouchUp' Id='117' Type='Digital' Value='False' />
</Commands>
</Control>
<Control Type='Button' Name='Button'>
<Position Units='Pixels' X='106' Y='28' />
<Size Units='Pixels' Width='105' Height='48' />
<VisualStyles>
<VisualStyle State='0' Mode='0'>
<Face Type='2D'>
<Color  R='0.752941' G='0.752941' B='0.752941' A='0' />
</Face>
<Image Id='11' Alpha='1' />
<Text Id='48' FontId='10' Alignment='CenterCenter' Wrap='False'>
<Color  R='1' G='1' B='1' A='1' />
</Text>
</VisualStyle>
<VisualStyle State='1' Mode='0'>
<Face Type='2D'>
<Color  R='0.109804' G='0' B='0' A='0' />
</Face>
<Image Id='12' Alpha='1' />
<Text Id='48' FontId='10' Alignment='CenterCenter' Wrap='False'>
<Color  R='1' G='1' B='0.776471' A='1' />
</Text>
</VisualStyle>
</VisualStyles>
<Bindings>
<Binding Id='118' Type='Digital' Property='State'/>
</Bindings>
<Commands>
<Command Action='TouchDown' Id='118' Type='Digital' Value='True' />
<Command Action='TouchUp' Id='118' Type='Digital' Value='False' />
</Commands>
</Control>
<Control Type='Button' Name='Button'>
<Position Units='Pixels' X='213' Y='77' />
<Size Units='Pixels' Width='105' Height='48' />
<VisualStyles>
<VisualStyle State='0' Mode='0'>
<Face Type='2D'>
<Color  R='0.752941' G='0.752941' B='0.752941' A='0' />
</Face>
<Image Id='11' Alpha='1' />
<Text Id='49' FontId='10' Alignment='CenterCenter' Wrap='False'>
<Color  R='1' G='1' B='1' A='1' />
</Text>
</VisualStyle>
<VisualStyle State='1' Mode='0'>
<Face Type='2D'>
<Color  R='0.109804' G='0' B='0' A='0' />
</Face>
<Image Id='12' Alpha='1' />
<Text Id='49' FontId='10' Alignment='CenterCenter' Wrap='False'>
<Color  R='1' G='1' B='0.776471' A='1' />
</Text>
</VisualStyle>
</VisualStyles>
<Bindings>
<Binding Id='121' Type='Digital' Property='State'/>
</Bindings>
<Commands>
<Command Action='TouchDown' Id='121' Type='Digital' Value='True' />
<Command Action='TouchUp' Id='121' Type='Digital' Value='False' />
</Commands>
</Control>
</Control>
</File>
