<?xml version='1.0' encoding='ISO-8859-1' ?>
<File Type='Page' Version='2.1.0'>
<Control Type='Subpage' Name='TP01 AUDIO ROOM SELECTION'>
<Position Units='Pixels' X='0' Y='0' />
<Size Units='Pixels' Width='320' Height='431' />
<VisualStyles>
<VisualStyle>
<Background>
<Color  R='0' G='0' B='0' A='0' />
</Background>
</VisualStyle>
</VisualStyles>
<Control Type='Button' Name='Button'>
<Position Units='Pixels' X='0' Y='4' />
<Size Units='Pixels' Width='158' Height='51' />
<VisualStyles>
<VisualStyle State='0' Mode='0'>
<Face Type='2D'>
<Color  R='0.752941' G='0.752941' B='0.752941' A='0' />
</Face>
<Image Id='6' Alpha='1' />
<Text FontId='2' Alignment='CenterCenter' Wrap='True'>
<Bindings>
<Binding Id='11' Type='Serial' Property='Text'/>
</Bindings>
<Color  R='1' G='1' B='1' A='1' />
</Text>
</VisualStyle>
<VisualStyle State='1' Mode='0'>
<Face Type='2D'>
<Color  R='0.109804' G='0' B='0' A='0' />
</Face>
<Image Id='7' Alpha='1' />
<Text FontId='2' Alignment='CenterCenter' Wrap='True'>
<Bindings>
<Binding Id='11' Type='Serial' Property='Text'/>
</Bindings>
<Color  R='1' G='1' B='0.776471' A='1' />
</Text>
</VisualStyle>
</VisualStyles>
<Bindings>
<Binding Id='41' Type='Digital' Property='State'/>
</Bindings>
<Commands>
<Command Action='TouchDown' Id='41' Type='Digital' Value='True' />
<Command Action='TouchUp' Id='41' Type='Digital' Value='False' />
<Command Action='TouchDown' PageFlip='_AUDIO SOURCE SELECTION' Transition='0' TransitionDuration='-1' />
</Commands>
</Control>
<Control Type='Button' Name='Button'>
<Position Units='Pixels' X='0' Y='52' />
<Size Units='Pixels' Width='158' Height='51' />
<VisualStyles>
<VisualStyle State='0' Mode='0'>
<Face Type='2D'>
<Color  R='0.752941' G='0.752941' B='0.752941' A='0' />
</Face>
<Image Id='6' Alpha='1' />
<Text FontId='2' Alignment='CenterCenter' Wrap='True'>
<Bindings>
<Binding Id='13' Type='Serial' Property='Text'/>
</Bindings>
<Color  R='1' G='1' B='1' A='1' />
</Text>
</VisualStyle>
<VisualStyle State='1' Mode='0'>
<Face Type='2D'>
<Color  R='0.109804' G='0' B='0' A='0' />
</Face>
<Image Id='7' Alpha='1' />
<Text FontId='2' Alignment='CenterCenter' Wrap='True'>
<Bindings>
<Binding Id='13' Type='Serial' Property='Text'/>
</Bindings>
<Color  R='1' G='1' B='0.776471' A='1' />
</Text>
</VisualStyle>
</VisualStyles>
<Bindings>
<Binding Id='43' Type='Digital' Property='State'/>
</Bindings>
<Commands>
<Command Action='TouchDown' Id='43' Type='Digital' Value='True' />
<Command Action='TouchUp' Id='43' Type='Digital' Value='False' />
<Command Action='TouchDown' PageFlip='_AUDIO SOURCE SELECTION' Transition='0' TransitionDuration='-1' />
</Commands>
</Control>
<Control Type='Button' Name='Button'>
<Position Units='Pixels' X='0' Y='101' />
<Size Units='Pixels' Width='158' Height='51' />
<VisualStyles>
<VisualStyle State='0' Mode='0'>
<Face Type='2D'>
<Color  R='0.752941' G='0.752941' B='0.752941' A='0' />
</Face>
<Image Id='6' Alpha='1' />
<Text FontId='2' Alignment='CenterCenter' Wrap='True'>
<Bindings>
<Binding Id='15' Type='Serial' Property='Text'/>
</Bindings>
<Color  R='1' G='1' B='1' A='1' />
</Text>
</VisualStyle>
<VisualStyle State='1' Mode='0'>
<Face Type='2D'>
<Color  R='0.109804' G='0' B='0' A='0' />
</Face>
<Image Id='7' Alpha='1' />
<Text FontId='2' Alignment='CenterCenter' Wrap='True'>
<Bindings>
<Binding Id='15' Type='Serial' Property='Text'/>
</Bindings>
<Color  R='1' G='1' B='0.776471' A='1' />
</Text>
</VisualStyle>
</VisualStyles>
<Bindings>
<Binding Id='45' Type='Digital' Property='State'/>
</Bindings>
<Commands>
<Command Action='TouchDown' Id='45' Type='Digital' Value='True' />
<Command Action='TouchUp' Id='45' Type='Digital' Value='False' />
<Command Action='TouchDown' PageFlip='_AUDIO SOURCE SELECTION' Transition='0' TransitionDuration='-1' />
</Commands>
</Control>
<Control Type='Button' Name='Button'>
<Position Units='Pixels' X='161' Y='101' />
<Size Units='Pixels' Width='158' Height='51' />
<VisualStyles>
<VisualStyle State='0' Mode='0'>
<Face Type='2D'>
<Color  R='0.752941' G='0.752941' B='0.752941' A='0' />
</Face>
<Image Id='6' Alpha='1' />
<Text FontId='2' Alignment='CenterCenter' Wrap='True'>
<Bindings>
<Binding Id='16' Type='Serial' Property='Text'/>
</Bindings>
<Color  R='1' G='1' B='1' A='1' />
</Text>
</VisualStyle>
<VisualStyle State='1' Mode='0'>
<Face Type='2D'>
<Color  R='0.109804' G='0' B='0' A='0' />
</Face>
<Image Id='7' Alpha='1' />
<Text FontId='2' Alignment='CenterCenter' Wrap='True'>
<Bindings>
<Binding Id='16' Type='Serial' Property='Text'/>
</Bindings>
<Color  R='1' G='1' B='0.776471' A='1' />
</Text>
</VisualStyle>
</VisualStyles>
<Bindings>
<Binding Id='46' Type='Digital' Property='State'/>
</Bindings>
<Commands>
<Command Action='TouchDown' Id='46' Type='Digital' Value='True' />
<Command Action='TouchUp' Id='46' Type='Digital' Value='False' />
<Command Action='TouchDown' PageFlip='_AUDIO SOURCE SELECTION' Transition='0' TransitionDuration='-1' />
</Commands>
</Control>
<Control Type='Button' Name='Button'>
<Position Units='Pixels' X='0' Y='149' />
<Size Units='Pixels' Width='158' Height='51' />
<VisualStyles>
<VisualStyle State='0' Mode='0'>
<Face Type='2D'>
<Color  R='0.752941' G='0.752941' B='0.752941' A='0' />
</Face>
<Image Id='6' Alpha='1' />
<Text FontId='2' Alignment='CenterCenter' Wrap='True'>
<Bindings>
<Binding Id='17' Type='Serial' Property='Text'/>
</Bindings>
<Color  R='1' G='1' B='1' A='1' />
</Text>
</VisualStyle>
<VisualStyle State='1' Mode='0'>
<Face Type='2D'>
<Color  R='0.109804' G='0' B='0' A='0' />
</Face>
<Image Id='7' Alpha='1' />
<Text FontId='2' Alignment='CenterCenter' Wrap='True'>
<Bindings>
<Binding Id='17' Type='Serial' Property='Text'/>
</Bindings>
<Color  R='1' G='1' B='0.776471' A='1' />
</Text>
</VisualStyle>
</VisualStyles>
<Bindings>
<Binding Id='47' Type='Digital' Property='State'/>
</Bindings>
<Commands>
<Command Action='TouchDown' Id='47' Type='Digital' Value='True' />
<Command Action='TouchUp' Id='47' Type='Digital' Value='False' />
<Command Action='TouchDown' PageFlip='_AUDIO SOURCE SELECTION' Transition='0' TransitionDuration='-1' />
</Commands>
</Control>
<Control Type='Button' Name='Button'>
<Position Units='Pixels' X='161' Y='149' />
<Size Units='Pixels' Width='158' Height='51' />
<VisualStyles>
<VisualStyle State='0' Mode='0'>
<Face Type='2D'>
<Color  R='0.752941' G='0.752941' B='0.752941' A='0' />
</Face>
<Image Id='6' Alpha='1' />
<Text FontId='2' Alignment='CenterCenter' Wrap='True'>
<Bindings>
<Binding Id='18' Type='Serial' Property='Text'/>
</Bindings>
<Color  R='1' G='1' B='1' A='1' />
</Text>
</VisualStyle>
<VisualStyle State='1' Mode='0'>
<Face Type='2D'>
<Color  R='0.109804' G='0' B='0' A='0' />
</Face>
<Image Id='7' Alpha='1' />
<Text FontId='2' Alignment='CenterCenter' Wrap='True'>
<Bindings>
<Binding Id='18' Type='Serial' Property='Text'/>
</Bindings>
<Color  R='1' G='1' B='0.776471' A='1' />
</Text>
</VisualStyle>
</VisualStyles>
<Bindings>
<Binding Id='48' Type='Digital' Property='State'/>
</Bindings>
<Commands>
<Command Action='TouchDown' Id='48' Type='Digital' Value='True' />
<Command Action='TouchUp' Id='48' Type='Digital' Value='False' />
<Command Action='TouchDown' PageFlip='_AUDIO SOURCE SELECTION' Transition='0' TransitionDuration='-1' />
</Commands>
</Control>
<Control Type='Button' Name='Button'>
<Position Units='Pixels' X='161' Y='52' />
<Size Units='Pixels' Width='158' Height='51' />
<VisualStyles>
<VisualStyle State='0' Mode='0'>
<Face Type='2D'>
<Color  R='0.752941' G='0.752941' B='0.752941' A='0' />
</Face>
<Image Id='6' Alpha='1' />
<Text FontId='2' Alignment='CenterCenter' Wrap='True'>
<Bindings>
<Binding Id='14' Type='Serial' Property='Text'/>
</Bindings>
<Color  R='1' G='1' B='1' A='1' />
</Text>
</VisualStyle>
<VisualStyle State='1' Mode='0'>
<Face Type='2D'>
<Color  R='0.109804' G='0' B='0' A='0' />
</Face>
<Image Id='7' Alpha='1' />
<Text FontId='2' Alignment='CenterCenter' Wrap='True'>
<Bindings>
<Binding Id='14' Type='Serial' Property='Text'/>
</Bindings>
<Color  R='1' G='1' B='0.776471' A='1' />
</Text>
</VisualStyle>
</VisualStyles>
<Bindings>
<Binding Id='44' Type='Digital' Property='State'/>
</Bindings>
<Commands>
<Command Action='TouchDown' Id='44' Type='Digital' Value='True' />
<Command Action='TouchUp' Id='44' Type='Digital' Value='False' />
<Command Action='TouchDown' PageFlip='_AUDIO SOURCE SELECTION' Transition='0' TransitionDuration='-1' />
</Commands>
</Control>
<Control Type='Button' Name='Button'>
<Position Units='Pixels' X='161' Y='4' />
<Size Units='Pixels' Width='158' Height='51' />
<VisualStyles>
<VisualStyle State='0' Mode='0'>
<Face Type='2D'>
<Color  R='0.752941' G='0.752941' B='0.752941' A='0' />
</Face>
<Image Id='6' Alpha='1' />
<Text FontId='2' Alignment='CenterCenter' Wrap='True'>
<Bindings>
<Binding Id='12' Type='Serial' Property='Text'/>
</Bindings>
<Color  R='1' G='1' B='1' A='1' />
</Text>
</VisualStyle>
<VisualStyle State='1' Mode='0'>
<Face Type='2D'>
<Color  R='0.109804' G='0' B='0' A='0' />
</Face>
<Image Id='7' Alpha='1' />
<Text FontId='2' Alignment='CenterCenter' Wrap='True'>
<Bindings>
<Binding Id='12' Type='Serial' Property='Text'/>
</Bindings>
<Color  R='1' G='1' B='0.776471' A='1' />
</Text>
</VisualStyle>
</VisualStyles>
<Bindings>
<Binding Id='42' Type='Digital' Property='State'/>
</Bindings>
<Commands>
<Command Action='TouchDown' Id='42' Type='Digital' Value='True' />
<Command Action='TouchUp' Id='42' Type='Digital' Value='False' />
<Command Action='TouchDown' PageFlip='_AUDIO SOURCE SELECTION' Transition='0' TransitionDuration='-1' />
</Commands>
</Control>
<Control Type='Button' Name='Button'>
<Position Units='Pixels' X='0' Y='197' />
<Size Units='Pixels' Width='158' Height='51' />
<VisualStyles>
<VisualStyle State='0' Mode='0'>
<Face Type='2D'>
<Color  R='0.752941' G='0.752941' B='0.752941' A='0' />
</Face>
<Image Id='6' Alpha='1' />
<Text FontId='2' Alignment='CenterCenter' Wrap='True'>
<Bindings>
<Binding Id='19' Type='Serial' Property='Text'/>
</Bindings>
<Color  R='1' G='1' B='1' A='1' />
</Text>
</VisualStyle>
<VisualStyle State='1' Mode='0'>
<Face Type='2D'>
<Color  R='0.109804' G='0' B='0' A='0' />
</Face>
<Image Id='7' Alpha='1' />
<Text FontId='2' Alignment='CenterCenter' Wrap='True'>
<Bindings>
<Binding Id='19' Type='Serial' Property='Text'/>
</Bindings>
<Color  R='1' G='1' B='0.776471' A='1' />
</Text>
</VisualStyle>
</VisualStyles>
<Bindings>
<Binding Id='49' Type='Digital' Property='State'/>
</Bindings>
<Commands>
<Command Action='TouchDown' Id='49' Type='Digital' Value='True' />
<Command Action='TouchUp' Id='49' Type='Digital' Value='False' />
<Command Action='TouchDown' PageFlip='_AUDIO SOURCE SELECTION' Transition='0' TransitionDuration='-1' />
</Commands>
</Control>
<Control Type='Button' Name='Button'>
<Position Units='Pixels' X='0' Y='246' />
<Size Units='Pixels' Width='158' Height='51' />
<VisualStyles>
<VisualStyle State='0' Mode='0'>
<Face Type='2D'>
<Color  R='0.752941' G='0.752941' B='0.752941' A='0' />
</Face>
<Image Id='6' Alpha='1' />
<Text FontId='2' Alignment='CenterCenter' Wrap='True'>
<Bindings>
<Binding Id='21' Type='Serial' Property='Text'/>
</Bindings>
<Color  R='1' G='1' B='1' A='1' />
</Text>
</VisualStyle>
<VisualStyle State='1' Mode='0'>
<Face Type='2D'>
<Color  R='0.109804' G='0' B='0' A='0' />
</Face>
<Image Id='7' Alpha='1' />
<Text FontId='2' Alignment='CenterCenter' Wrap='True'>
<Bindings>
<Binding Id='21' Type='Serial' Property='Text'/>
</Bindings>
<Color  R='1' G='1' B='0.776471' A='1' />
</Text>
</VisualStyle>
</VisualStyles>
<Bindings>
<Binding Id='51' Type='Digital' Property='State'/>
</Bindings>
<Commands>
<Command Action='TouchDown' Id='51' Type='Digital' Value='True' />
<Command Action='TouchUp' Id='51' Type='Digital' Value='False' />
<Command Action='TouchDown' PageFlip='_AUDIO SOURCE SELECTION' Transition='0' TransitionDuration='-1' />
</Commands>
</Control>
<Control Type='Button' Name='Button'>
<Position Units='Pixels' X='161' Y='246' />
<Size Units='Pixels' Width='158' Height='51' />
<VisualStyles>
<VisualStyle State='0' Mode='0'>
<Face Type='2D'>
<Color  R='0.752941' G='0.752941' B='0.752941' A='0' />
</Face>
<Image Id='6' Alpha='1' />
<Text FontId='2' Alignment='CenterCenter' Wrap='True'>
<Bindings>
<Binding Id='22' Type='Serial' Property='Text'/>
</Bindings>
<Color  R='1' G='1' B='1' A='1' />
</Text>
</VisualStyle>
<VisualStyle State='1' Mode='0'>
<Face Type='2D'>
<Color  R='0.109804' G='0' B='0' A='0' />
</Face>
<Image Id='7' Alpha='1' />
<Text FontId='2' Alignment='CenterCenter' Wrap='True'>
<Bindings>
<Binding Id='22' Type='Serial' Property='Text'/>
</Bindings>
<Color  R='1' G='1' B='0.776471' A='1' />
</Text>
</VisualStyle>
</VisualStyles>
<Bindings>
<Binding Id='52' Type='Digital' Property='State'/>
</Bindings>
<Commands>
<Command Action='TouchDown' Id='52' Type='Digital' Value='True' />
<Command Action='TouchUp' Id='52' Type='Digital' Value='False' />
<Command Action='TouchDown' PageFlip='_AUDIO SOURCE SELECTION' Transition='0' TransitionDuration='-1' />
</Commands>
</Control>
<Control Type='Button' Name='Button'>
<Position Units='Pixels' X='161' Y='294' />
<Size Units='Pixels' Width='158' Height='51' />
<VisualStyles>
<VisualStyle State='0' Mode='0'>
<Face Type='2D'>
<Color  R='0.752941' G='0.752941' B='0.752941' A='0' />
</Face>
<Image Id='6' Alpha='1' />
<Text FontId='2' Alignment='CenterCenter' Wrap='True'>
<Bindings>
<Binding Id='23' Type='Serial' Property='Text'/>
</Bindings>
<Color  R='1' G='1' B='1' A='1' />
</Text>
</VisualStyle>
<VisualStyle State='1' Mode='0'>
<Face Type='2D'>
<Color  R='0.109804' G='0' B='0' A='0' />
</Face>
<Image Id='7' Alpha='1' />
<Text FontId='2' Alignment='CenterCenter' Wrap='True'>
<Bindings>
<Binding Id='23' Type='Serial' Property='Text'/>
</Bindings>
<Color  R='1' G='1' B='0.776471' A='1' />
</Text>
</VisualStyle>
</VisualStyles>
<Bindings>
<Binding Id='53' Type='Digital' Property='State'/>
</Bindings>
<Commands>
<Command Action='TouchDown' Id='53' Type='Digital' Value='True' />
<Command Action='TouchUp' Id='53' Type='Digital' Value='False' />
<Command Action='TouchDown' PageFlip='_AUDIO SOURCE SELECTION' Transition='0' TransitionDuration='-1' />
</Commands>
</Control>
<Control Type='Button' Name='Button'>
<Position Units='Pixels' X='161' Y='197' />
<Size Units='Pixels' Width='158' Height='51' />
<VisualStyles>
<VisualStyle State='0' Mode='0'>
<Face Type='2D'>
<Color  R='0.752941' G='0.752941' B='0.752941' A='0' />
</Face>
<Image Id='6' Alpha='1' />
<Text FontId='2' Alignment='CenterCenter' Wrap='True'>
<Bindings>
<Binding Id='20' Type='Serial' Property='Text'/>
</Bindings>
<Color  R='1' G='1' B='1' A='1' />
</Text>
</VisualStyle>
<VisualStyle State='1' Mode='0'>
<Face Type='2D'>
<Color  R='0.109804' G='0' B='0' A='0' />
</Face>
<Image Id='7' Alpha='1' />
<Text FontId='2' Alignment='CenterCenter' Wrap='True'>
<Bindings>
<Binding Id='20' Type='Serial' Property='Text'/>
</Bindings>
<Color  R='1' G='1' B='0.776471' A='1' />
</Text>
</VisualStyle>
</VisualStyles>
<Bindings>
<Binding Id='50' Type='Digital' Property='State'/>
</Bindings>
<Commands>
<Command Action='TouchDown' Id='50' Type='Digital' Value='True' />
<Command Action='TouchUp' Id='50' Type='Digital' Value='False' />
<Command Action='TouchDown' PageFlip='_AUDIO SOURCE SELECTION' Transition='0' TransitionDuration='-1' />
</Commands>
</Control>
<Control Type='Button' Name='Button'>
<Position Units='Pixels' X='37' Y='351' />
<Size Units='Pixels' Width='78' Height='60' />
<VisualStyles>
<VisualStyle State='0' Mode='0'>
<Face Type='2D'>
<Color  R='0.752941' G='0.752941' B='0.752941' A='0' />
</Face>
<Image Id='8' Alpha='1' />
<Text Id='10' FontId='1' Alignment='CenterCenter' Wrap='False'>
<Color  R='1' G='1' B='1' A='1' />
</Text>
</VisualStyle>
<VisualStyle State='1' Mode='0'>
<Face Type='2D'>
<Color  R='0.109804' G='0' B='0' A='0' />
</Face>
<Image Id='9' Alpha='1' />
<Text Id='10' FontId='1' Alignment='CenterCenter' Wrap='False'>
<Color  R='1' G='1' B='0.776471' A='1' />
</Text>
</VisualStyle>
</VisualStyles>
<Bindings>
<Binding Id='8' Type='Digital' Property='State'/>
</Bindings>
<Commands>
<Command Action='TouchDown' Id='8' Type='Digital' Value='True' />
<Command Action='TouchUp' Id='8' Type='Digital' Value='False' />
</Commands>
</Control>
<Control Type='Button' Name='Button'>
<Position Units='Pixels' X='206' Y='351' />
<Size Units='Pixels' Width='78' Height='60' />
<VisualStyles>
<VisualStyle State='0' Mode='0'>
<Face Type='2D'>
<Color  R='0.752941' G='0.752941' B='0.752941' A='0' />
</Face>
<Image Id='8' Alpha='1' />
<Text Id='11' FontId='1' Alignment='CenterCenter' Wrap='False'>
<Color  R='1' G='1' B='1' A='1' />
</Text>
</VisualStyle>
<VisualStyle State='1' Mode='0'>
<Face Type='2D'>
<Color  R='0.109804' G='0' B='0' A='0' />
</Face>
<Image Id='9' Alpha='1' />
<Text Id='11' FontId='1' Alignment='CenterCenter' Wrap='False'>
<Color  R='1' G='1' B='0.776471' A='1' />
</Text>
</VisualStyle>
</VisualStyles>
<Bindings>
<Binding Id='7' Type='Digital' Property='State'/>
</Bindings>
<Commands>
<Command Action='TouchDown' Id='7' Type='Digital' Value='True' />
<Command Action='TouchUp' Id='7' Type='Digital' Value='False' />
</Commands>
</Control>
<Control Type='Button' Name='Button'>
<Position Units='Pixels' X='122' Y='351' />
<Size Units='Pixels' Width='78' Height='60' />
<VisualStyles>
<VisualStyle State='0' Mode='0'>
<Face Type='2D'>
<Color  R='0.752941' G='0.752941' B='0.752941' A='0' />
</Face>
<Image Id='8' Alpha='1' />
<Text Id='12' FontId='1' Alignment='CenterCenter' Wrap='False'>
<Color  R='1' G='1' B='1' A='1' />
</Text>
</VisualStyle>
<VisualStyle State='1' Mode='0'>
<Face Type='2D'>
<Color  R='0.109804' G='0' B='0' A='0' />
</Face>
<Image Id='9' Alpha='1' />
<Text Id='12' FontId='1' Alignment='CenterCenter' Wrap='False'>
<Color  R='1' G='1' B='0.776471' A='1' />
</Text>
</VisualStyle>
</VisualStyles>
<Bindings>
<Binding Id='9' Type='Digital' Property='State'/>
</Bindings>
<Commands>
<Command Action='TouchDown' Id='9' Type='Digital' Value='True' />
<Command Action='TouchUp' Id='9' Type='Digital' Value='False' />
</Commands>
</Control>
</Control>
</File>
