<?xml version='1.0' encoding='ISO-8859-1' ?>
<File Type='Page' Version='2.1.0'>
<Control Type='Subpage' Name='XM INFO'>
<Position Units='Pixels' X='0' Y='0' />
<Size Units='Pixels' Width='320' Height='460' />
<VisualStyles>
<VisualStyle>
<Background>
<Color  R='1' G='0.501961' B='0.501961' A='0' />
</Background>
<Image Id='210' />
</VisualStyle>
</VisualStyles>
<Control Type='Button' Name='Text'>
<Position Units='Pixels' X='16' Y='286' />
<Size Units='Pixels' Width='232' Height='60' />
<VisualStyles>
<VisualStyle State='0' Mode='0'>
<Text Id='54' FontId='6' Alignment='CenterLeft' Wrap='False'>
<Color  R='1' G='0.501961' B='0.501961' A='1' />
</Text>
</VisualStyle>
</VisualStyles>
</Control>
<Control Type='Button' Name='Text'>
<Position Units='Pixels' X='16' Y='168' />
<Size Units='Pixels' Width='232' Height='60' />
<VisualStyles>
<VisualStyle State='0' Mode='0'>
<Text Id='55' FontId='6' Alignment='CenterLeft' Wrap='False'>
<Color  R='1' G='0.501961' B='0.501961' A='1' />
</Text>
</VisualStyle>
</VisualStyles>
</Control>
<Control Type='Button' Name='Text'>
<Position Units='Pixels' X='16' Y='227' />
<Size Units='Pixels' Width='232' Height='60' />
<VisualStyles>
<VisualStyle State='0' Mode='0'>
<Text Id='56' FontId='6' Alignment='CenterLeft' Wrap='False'>
<Color  R='1' G='0.501961' B='0.501961' A='1' />
</Text>
</VisualStyle>
</VisualStyles>
</Control>
<Control Type='Button' Name='Text'>
<Position Units='Pixels' X='148' Y='389' />
<Size Units='Pixels' Width='132' Height='54' />
<VisualStyles>
<VisualStyle State='0' Mode='0'>
<Text Id='57' FontId='6' Alignment='CenterLeft' Wrap='False'>
<Color  R='1' G='0.501961' B='0.501961' A='1' />
</Text>
</VisualStyle>
</VisualStyles>
</Control>
<Control Type='Button' Name='Text'>
<Position Units='Pixels' X='33' Y='268' />
<Size Units='Pixels' Width='253' Height='37' />
<VisualStyles>
<VisualStyle State='0' Mode='0'>
<Text FontId='4' Alignment='CenterLeft' Wrap='False'>
<Bindings>
<Binding Id='2097' Type='Serial' Property='Text'/>
</Bindings>
<Color  R='0.501961' G='1' B='0' A='1' />
</Text>
</VisualStyle>
</VisualStyles>
</Control>
<Control Type='Button' Name='Text'>
<Position Units='Pixels' X='33' Y='209' />
<Size Units='Pixels' Width='253' Height='37' />
<VisualStyles>
<VisualStyle State='0' Mode='0'>
<Text FontId='4' Alignment='CenterLeft' Wrap='False'>
<Bindings>
<Binding Id='2096' Type='Serial' Property='Text'/>
</Bindings>
<Color  R='0.501961' G='1' B='0' A='1' />
</Text>
</VisualStyle>
</VisualStyles>
</Control>
<Control Type='Button' Name='Text'>
<Position Units='Pixels' X='16' Y='84' />
<Size Units='Pixels' Width='82' Height='60' />
<VisualStyles>
<VisualStyle State='0' Mode='0'>
<Text Id='58' FontId='6' Alignment='CenterLeft' Wrap='False'>
<Color  R='1' G='0.501961' B='0.501961' A='1' />
</Text>
</VisualStyle>
</VisualStyles>
</Control>
<Control Type='Button' Name='Text'>
<Position Units='Pixels' X='81' Y='86' />
<Size Units='Pixels' Width='216' Height='60' />
<VisualStyles>
<VisualStyle State='0' Mode='0'>
<Text FontId='4' Alignment='CenterLeft' Wrap='False'>
<Bindings>
<Binding Id='2099' Type='Serial' Property='Text'/>
</Bindings>
<Color  R='0.501961' G='1' B='0' A='1' />
</Text>
</VisualStyle>
</VisualStyles>
</Control>
<Control Type='Button' Name='Text'>
<Position Units='Pixels' X='14' Y='15' />
<Size Units='Pixels' Width='82' Height='60' />
<VisualStyles>
<VisualStyle State='0' Mode='0'>
<Text Id='59' FontId='6' Alignment='CenterLeft' Wrap='False'>
<Color  R='1' G='0.501961' B='0.501961' A='1' />
</Text>
</VisualStyle>
</VisualStyles>
</Control>
<Control Type='Button' Name='Text'>
<Position Units='Pixels' X='80' Y='17' />
<Size Units='Pixels' Width='216' Height='60' />
<VisualStyles>
<VisualStyle State='0' Mode='0'>
<Text FontId='4' Alignment='CenterLeft' Wrap='False'>
<Bindings>
<Binding Id='2098' Type='Serial' Property='Text'/>
</Bindings>
<Color  R='0.501961' G='1' B='0' A='1' />
</Text>
</VisualStyle>
</VisualStyles>
</Control>
<Control Type='Button' Name='Text'>
<Position Units='Pixels' X='33' Y='327' />
<Size Units='Pixels' Width='253' Height='37' />
<VisualStyles>
<VisualStyle State='0' Mode='0'>
<Text FontId='4' Alignment='CenterLeft' Wrap='False'>
<Bindings>
<Binding Id='2095' Type='Serial' Property='Text'/>
</Bindings>
<Color  R='0.501961' G='1' B='0' A='1' />
</Text>
</VisualStyle>
</VisualStyles>
</Control>
</Control>
</File>
